id,isDefault
1000575,0.08696153
1028125,0.03639151
1010694,1.2040439e-05
1026712,0.00051913067
1002895,0.00012706326
1023930,0.47287968
1031202,0.0012130886
1041065,7.615845e-07
1037799,0.13566531
1036385,6.6946445e-06
1028640,0.5692941
1046198,0.00011993468
1005902,0.36488563
1001958,1.0533019e-05
1021171,0.0021597862
1018693,0.049314436
1046881,0.7102739
1008394,0.4474752
1039986,0.4473355
1028449,0.8447333
1037670,0.00020010045
1030356,0.019732904
1047759,0.5117662
1033422,0.056489494
1041457,4.361168e-07
1047669,0.81369597
1013635,0.00012255077
1009911,5.4368235e-07
1026052,0.051620033
1013010,0.00208657
1000541,0.0002547345
1023933,0.08308993
1017173,0.11084861
1010278,0.14900953
1042322,0.065600984
1035083,0.0021869899
1017136,0.1179222
1008825,0.071331434
1035744,0.42929876
1019544,0.78790337
1019583,0.6929547
1015244,0.030551374
1001057,0.017125249
1018597,0.16174361
1036106,0.79894227
1021590,0.0005510589
1028479,0.7573546
1022178,0.49206683
1021768,0.06559533
1044905,0.11287071
1018188,0.51688445
1034782,0.27688113
1043358,0.81592315
1012386,2.1025771e-08
1019710,0.59349895
1003882,6.973697e-09
1041743,0.016558675
1045699,0.38652593
1023722,0.6275178
1005903,0.5125985
1032382,0.34993663
1032769,0.09348827
1016556,0.23513827
1018606,0.026979705
1034996,1.4486048e-07
1030041,0.31818697
1034236,0.6243077
1027554,0.33316082
1005162,0.21144076
1011175,0.052982636
1033902,0.7144243
1014356,0.41538024
1045176,0.8427782
1048152,0.3548382
1026600,0.10507297
1046111,0.6723038
1010478,0.0023802447
1019200,0.6045556
1030818,0.14635116
1041083,2.097796e-06
1020605,0.011372047
1020932,0.84221303
1031833,0.33571434
1002413,0.87779695
1015116,2.2552337e-11
1011414,0.27020642
1032688,0.005415883
1011934,0.8754625
1024629,5.909349e-07
1033891,0.03129213
1024842,1.2430339e-13
1027018,3.9614815e-06
1004702,3.874363e-05
1009408,0.15885861
1026577,0.09085323
1039347,0.16399945
1027392,0.0016394533
1033583,0.76190495
1030357,0.83305275
1036590,2.589996e-15
1019761,0.45103827
1011949,0.0007169713
1035693,0.0009819678
1021378,6.7936256e-08
1031346,0.28549927
1017477,2.999672e-08
1048032,0.068903446
1038679,0.03745651
1007051,0.06868531
1000452,0.0059410296
1013922,0.46820015
1046564,6.497743e-10
1017521,0.019345356
1009082,0.025603335
1015316,0.0045144856
1017718,0.005200048
1021027,0.024312379
1028958,0.13116807
1035453,0.54540825
1024280,0.059281204
1018505,0.92379457
1010128,0.6377113
1007386,1.849032e-11
1009167,0.020762915
1037585,1.2482318e-10
1026043,0.25815055
1024570,0.40515274
1038043,0.23994066
1037576,0.20775774
1039779,0.010753306
1004522,0.1901458
1007364,2.8004908e-05
1008846,0.0024605996
1000603,7.002854e-05
1021829,0.12820761
1044059,0.00025531737
1044404,0.81950146
1012497,0.5668548
1013466,0.09414116
1038891,0.19292942
1010547,0.16058823
1023850,0.90376663
1018544,0.11493616
1018208,0.5858217
1026767,0.54730636
1034103,0.36314705
1026183,0.5969566
1006844,8.405541e-05
1035884,0.6005651
1008717,0.24466033
1023969,0.048288263
1046972,0.22016588
1039065,6.521491e-05
1007767,1.3260755e-07
1033865,0.54758734
1040701,0.73254675
1011770,0.3721017
1048315,0.31662288
1030629,0.48025453
1002486,0.476979
1035595,0.6859644
1000629,0.77235204
1022972,0.8068917
1034681,2.0586618e-05
1022023,0.847203
1009765,7.761739e-06
1044865,0.008440129
1037277,0.9365772
1012272,0.00073935906
1040995,0.0055860723
1047338,0.55954844
1045052,0.22799027
1029847,3.452497e-05
1018987,2.0535148e-05
1040155,0.0011743506
1001734,0.75194293
1008795,0.065677434
1032664,0.5357677
1034740,0.36929548
1017204,0.093477026
1010766,0.5230015
1031660,0.48815212
1007238,0.6656095
1020555,0.32264325
1046278,0.005425477
1010915,6.348576e-06
1046598,0.00080129795
1037912,0.2621541
1042520,0.25934586
1043332,0.9235269
1040643,0.46414968
1025913,0.35782483
1031268,0.15668188
1046418,0.73792607
1026392,0.11557047
1049286,0.6030734
1034359,0.04429967
1014506,0.15085103
1031580,0.05945807
1038801,0.57712036
1041903,0.796734
1010056,0.28863758
1013643,0.27656767
1046980,0.09430593
1012709,0.687009
1018512,0.22596042
1014724,1.9554134e-06
1030802,0.17785203
1014306,0.71022063
1049297,0.4246003
1036358,0.4922612
1040977,0.6709525
1035734,0.49327183
1019782,0.5456012
1039519,0.38184106
1005038,0.6133102
1040728,0.661362
1008449,0.17395045
1019069,0.8729479
1023717,0.76736057
1046007,0.097857
1009223,0.39854258
1040241,1.0130957e-05
1046923,0.37355313
1041166,0.46035063
1042733,0.01475851
1008065,0.025439205
1008164,0.7563246
1032019,0.27050614
1037629,0.30967537
1043927,0.38927543
1027670,0.18118517
1017353,0.16314737
1024141,0.5446668
1042069,0.41390976
1024398,0.6466355
1045922,0.8456726
1020400,0.34882623
1011500,0.010357144
1038606,0.3974208
1025972,0.567496
1002263,0.76147264
1025557,2.858455e-08
1031479,2.5838187e-07
1025480,0.04961808
1009819,0.32674688
1007123,0.00039464858
1024198,0.00013072105
1025725,0.8804329
1012988,0.0015233743
1009487,3.9222225e-09
1039865,0.6004966
1018599,0.09539933
1009489,0.8112966
1041868,0.49860287
1047948,0.42609093
1046133,0.2557874
1026260,0.587682
1031970,0.6375663
1032976,0.3605557
1035576,0.50167143
1029414,0.12831123
1020223,0.03663496
1011891,7.689037e-05
1039155,0.49686918
1049708,1.4965487e-05
1011497,0.80806077
1003658,4.510959e-06
1048635,9.584331e-08
1019684,3.0752228e-06
1017666,1.447623e-07
1010777,0.44544995
1032325,0.2849251
1009834,0.72078156
1028976,0.61600226
1000023,0.8474256
1038750,0.2157588
1039210,0.19449697
1021115,0.254533
1008255,0.46980563
1043035,0.63505614
1017174,0.76000875
1047924,0.44973665
1038586,2.4381334e-06
1011805,0.44041532
1048311,0.0066038957
1044609,3.0203225e-08
1001320,0.043856125
1044992,0.61907077
1027123,0.0007037002
1002344,0.06681179
1023161,3.058594e-13
1017527,0.025299147
1025805,0.01713604
1001488,0.81151754
1043664,0.11477064
1002051,0.513115
1044756,0.004545663
1046992,3.0506768e-05
1029657,0.42419118
1021900,0.82741654
1037278,0.17671318
1025134,0.6905088
1045543,0.722508
1002896,0.13920903
1010600,0.63703555
1014618,0.7628812
1003535,0.75342464
1046540,1.5935596e-09
1024939,0.044577286
1039793,0.16264442
1034152,0.8655028
1045428,0.000536895
1042718,0.66420406
1010816,0.00025943987
1000763,0.03512479
1019619,3.979286e-06
1028129,2.150758e-05
1025519,0.00043615245
1024757,0.22333823
1002790,0.09927045
1036698,2.2013447e-11
1008144,3.9262493e-05
1008085,0.22331439
1001394,0.12550625
1020391,0.50694305
1029372,0.34853822
1006486,0.44462085
1007830,0.77153856
1032904,0.8275537
1024111,0.77815044
1048195,0.46800423
1003144,0.7660467
1023438,0.10667983
1004329,0.34454325
1024473,0.78995955
1024970,0.58851403
1020904,0.010472974
1041784,0.15322392
1010047,3.199859e-05
1035244,0.009093562
1023875,0.0004871476
1003764,0.0044809743
1029025,0.0019018983
1033300,0.16282001
1009135,0.08341671
1044352,0.6334021
1021747,3.262378e-16
1041665,0.0005314605
1000368,0.015261056
1016906,1.0923532e-09
1016805,5.079734e-06
1028933,0.40753037
1001776,0.0007122882
1049973,0.030723818
1020329,0.68054056
1026702,0.6357208
1029160,0.5171548
1039908,0.7519961
1003632,0.72426254
1013239,0.75368696
1014009,0.66801846
1008187,0.5800018
1000645,0.3888984
1037395,0.34427795
1007003,5.075553e-05
1037190,1.7310282e-06
1004658,0.32152504
1031972,0.20277813
1046675,0.0027088223
1031897,0.009052017
1014909,0.1060385
1048261,0.8470021
1019310,4.2180547e-13
1027904,0.7359077
1038726,0.5052641
1002951,0.029068679
1024828,0.22498682
1023482,0.0001032821
1037593,0.72266734
1017584,0.86195284
1030733,0.44788778
1039785,0.22042796
1012324,0.63976145
1022787,0.100485034
1003462,0.76609397
1030142,0.43024197
1041632,0.24184144
1023457,0.08560803
1011260,0.07335149
1046672,8.766895e-07
1036347,0.10863785
1001120,7.7490695e-06
1038629,0.014127156
1019702,0.6275028
1006084,1.3546153e-05
1031837,0.34004813
1027440,0.0036353543
1002291,0.03459343
1019211,1.0470935e-06
1024802,0.5310018
1040466,0.86819214
1002567,0.2440327
1023822,0.65725845
1039090,0.69833636
1000687,0.07887941
1046046,0.24747035
1026806,0.73074377
1035794,0.3695073
1049758,0.62982416
1015405,0.10936133
1006713,5.9617043e-05
1048134,0.00011411651
1022539,0.22159523
1038388,0.00399283
1000241,0.554364
1021910,0.93238604
1037581,0.007041026
1015492,0.24387805
1038485,0.7015583
1036104,0.5009533
1002815,0.65555996
1028367,0.18728957
1013467,0.3131146
1039922,0.7736398
1009987,0.34387887
1014226,0.26048955
1003710,3.3997283e-05
1036372,0.012348027
1012012,0.0016348307
1022842,0.00019817476
1047163,0.002517908
1008640,0.46890384
1009835,0.4375619
1012571,0.88606954
1028889,0.51822674
1045707,0.16366065
1035386,0.6065673
1014936,0.6393012
1045463,0.29965338
1016814,0.27948493
1035379,0.24794178
1004310,0.634819
1027213,0.84456336
1006288,0.52933085
1001075,0.0061590397
1037535,0.061487094
1039778,2.1813416e-05
1035776,0.0005155737
1027737,0.5632462
1006349,0.7085308
1004994,0.45325142
1015493,0.4310143
1023217,0.6413155
1011970,0.46833888
1041387,0.8677264
1003307,0.76279503
1020497,0.4121411
1020418,1.7830134e-05
1035816,0.08466272
1002908,0.7956416
1049271,0.82315725
1000235,1.4028905e-06
1027315,0.29312977
1002958,0.16677628
1034549,0.87617177
1042173,0.020841017
1001367,0.0071572894
1048838,0.035075672
1035740,0.0056804535
1013044,4.7794664e-08
1023046,0.0009489612
1012481,0.022245089
1015150,0.6383373
1011069,0.23019789
1028495,0.10284424
1007025,0.5749687
1002942,0.60053885
1002551,0.6331523
1015879,0.09770504
1045099,0.26196286
1017965,0.8337135
1031750,0.00041017914
1029705,0.5763294
1026938,0.11508648
1048185,0.040365066
1040230,0.14386152
1039826,0.8716581
1009192,0.00740094
1031387,4.3108048e-05
1044820,0.00088337326
1048284,0.808927
1043644,0.30226496
1006020,0.8367883
1014626,0.8575583
1002667,0.18210319
1020510,0.3646848
1001241,0.8984282
1019105,0.37226444
1000682,0.56038445
1035786,0.4144449
1029873,0.8910084
1009162,0.51500165
1046463,0.7072701
1020249,0.24106008
1026875,0.17571485
1048935,0.29469463
1021439,0.275661
1000744,0.059553005
1018249,0.52217007
1015635,0.38797587
1025003,0.79685575
1047194,0.006256204
1037722,0.7751161
1001623,0.00014318025
1019298,0.12687951
1004404,0.0028255682
1005109,4.2756064e-06
1019077,0.41618347
1010191,0.1590869
1011766,0.53068805
1047521,0.12498823
1043876,0.1674642
1018965,0.42909133
1029881,0.16112533
1024650,0.17807111
1042522,0.5989775
1030513,0.12227103
1049815,0.050126273
1032611,0.021278055
1049575,0.49423054
1005571,0.6202754
1049839,0.7546156
1030348,0.6997271
1021548,0.5601999
1022606,0.2229168
1010809,0.665469
1012461,0.5899019
1022747,0.8342222
1005520,0.0004800931
1025618,0.9368688
1032046,0.00083109166
1039850,0.44987428
1000160,0.8712235
1026468,0.7224347
1020420,0.28613195
1023405,0.116545945
1019740,0.3111933
1040117,0.598978
1030062,0.11101416
1007306,0.72531635
1031024,0.0009298101
1008518,1.5708592e-05
1013733,0.024944156
1021983,0.8080498
1031711,0.57780176
1041602,0.48661414
1047490,0.71086305
1030439,0.3550884
1001346,0.872224
1044410,0.89435595
1023428,0.23504132
1049246,0.10841466
1017690,0.0019145419
1040764,0.008494359
1037250,0.009113263
1049711,0.22883892
1031392,0.6225596
1002403,0.40608963
1021322,0.58789396
1014596,0.29360703
1009469,0.5822421
1034036,0.18330339
1005984,0.546312
1044720,0.6615356
1020565,0.84269893
1048177,0.038302157
1026972,0.004921343
1010632,0.9213065
1004650,0.76160884
1036738,0.78860253
1015213,0.61050236
1038459,0.4769313
1010073,0.90870124
1015508,0.12702657
1013480,0.80918515
1013193,0.792627
1019598,0.37456596
1032470,1.9115713e-09
1000355,0.008166284
1017879,0.08029204
1023925,0.8527331
1042655,0.038394745
1023181,0.24486452
1011529,3.2095286e-08
1003358,0.0060156216
1028136,0.17502347
1020534,0.0029503761
1037647,1.0684684e-09
1020809,0.0137657495
1046592,0.017023489
1048476,1.0550651e-05
1047773,0.041456115
1026119,6.89707e-08
1032850,0.012841376
1024751,0.0014249132
1046934,0.86603606
1029190,0.31254163
1041125,6.0825926e-08
1036822,0.00086828874
1044451,0.02755809
1038756,1.3095812e-10
1018751,0.1960483
1027136,0.18353179
1045625,0.5591746
1015768,0.24626839
1034633,0.86925626
1017595,0.060978796
1027334,0.0018559305
1003630,0.017747052
1007073,0.84518117
1016183,0.03304295
1013179,5.7517255e-12
1009435,0.0045840335
1041970,0.055346716
1004317,2.3640908e-07
1012281,0.23343849
1046872,0.069701366
1013312,4.966778e-06
1003855,0.6539229
1029444,0.0031851695
1030607,0.31818867
1003943,0.08266928
1025172,0.000106150444
1047691,2.6049904e-07
1038275,0.86913306
1000692,7.3208476e-08
1008348,0.8514805
1024959,0.029668808
1020043,0.0022457165
1038627,0.008249293
1015399,0.55938214
1009954,0.40082887
1016547,0.37222487
1010059,1.1412647e-08
1005266,0.0017287005
1024996,2.3229873e-06
1020830,1.7711341e-13
1031284,1.4836939e-05
1025877,0.70367706
1016830,0.76942545
1020436,0.84216464
1017380,0.721125
1009815,0.15496968
1049981,0.7151921
1021723,0.47033763
1038219,0.70293444
1022696,0.0920189
1029800,0.42373455
1019810,0.77498776
1015131,0.0019168368
1029953,0.00015008163
1037295,0.5238108
1023288,0.42066774
1014450,2.0818357e-05
1030169,0.04289873
1028921,0.17886966
1002906,0.60460365
1004464,0.2714987
1006851,0.58225375
1038341,0.7226885
1020366,0.6961675
1041892,0.7683844
1027934,0.16795257
1035935,0.6523702
1040864,0.8382506
1034258,0.2966581
1020747,0.00057693827
1009251,0.0026606533
1023974,0.43109286
1002628,4.1208028e-07
1005158,0.014756179
1020412,5.3327817e-06
1003013,0.17917106
1015004,0.16924033
1030360,0.38995782
1027061,0.07868506
1006441,0.28970894
1020239,0.049447633
1027923,0.78635883
1026685,0.3897132
1039194,0.08127429
1011539,0.86219746
1002092,0.0002780087
1028541,0.0050742077
1042437,1.124865e-05
1044538,0.0035680651
1040351,0.000759154
1014358,0.0024775383
1027505,0.30898625
1034392,2.595753e-11
1001382,1.7208924e-07
1032362,0.10434908
1001039,0.9028462
1005346,0.87831414
1022345,8.5088665e-09
1019476,0.3439087
1034355,0.28173867
1025170,0.36694396
1039683,0.19353814
1009460,9.446019e-07
1014079,0.00020468853
1012956,9.2973046e-08
1017071,0.0019637593
1016491,0.01824576
1008866,0.010307599
1014903,0.65808403
1035867,0.8275079
1023329,0.0018724343
1034296,0.009626572
1018939,0.08691562
1019233,5.8259586e-05
1016434,1.880196e-08
1030053,7.936865e-06
1026263,0.039607197
1003668,0.7810662
1014770,0.08968394
1011532,2.7854338e-07
1039434,0.58937955
1015969,3.089795e-06
1020509,0.5464744
1045842,0.63885176
1014217,0.57996064
1044523,7.423904e-08
1007891,0.28259176
1029319,0.2861032
1019454,6.7800206e-12
1012869,0.37536967
1019664,0.18224859
1017296,5.852223e-06
1024654,0.0077436278
1049404,0.7525266
1036821,0.04270704
1017426,0.024107452
1003038,9.08122e-06
1007250,8.2018694e-08
1034513,2.3778579e-05
1022656,1.6461669e-05
1030201,0.8528626
1017321,0.097677395
1019574,0.0053915414
1046655,0.09837117
1038701,0.01573386
1010798,0.6479493
1008201,0.0069667343
1031909,1.2562336e-05
1032039,0.009072352
1046386,0.013873001
1009399,0.062423572
1026804,0.35703483
1008052,1.4528757e-07
1008319,0.319995
1005956,0.00031241946
1041468,0.002929927
1005015,0.03967889
1023465,0.64726096
1003252,0.014503171
1002437,0.90080065
1001243,0.63435054
1036329,0.8849848
1019969,0.040539794
1014885,0.097407065
1002454,5.411242e-06
1020898,0.0011875655
1004302,0.5817571
1035490,0.0016061761
1015885,0.0031222766
1005138,0.47938517
1041301,0.15454718
1037468,0.505165
1001278,4.4259752e-05
1005761,0.09112137
1002485,0.21861042
1008339,0.71506995
1018826,0.7871758
1040868,5.0831386e-05
1036500,0.22234085
1007674,0.00018925291
1047204,7.355857e-05
1003674,0.025406707
1043075,0.8728441
1043608,0.60373485
1001739,0.13547157
1005757,1.2297578e-12
1041326,0.12624092
1021168,1.910641e-06
1009494,0.63318104
1032337,0.00020175993
1000558,0.435989
1046865,0.0022055581
1013781,0.021419793
1012624,0.6454276
1032001,0.0002078153
1009631,3.778325e-07
1024104,0.5732641
1035496,0.002377977
1006862,0.0029555273
1003364,0.3005395
1039020,4.9914747e-06
1011256,0.78781646
1021056,0.84426844
1019487,1.4071847e-07
1016996,2.4176853e-07
1030549,0.20551437
1001487,0.07204378
1042063,0.007743572
1031579,8.120526e-05
1033816,0.00036021482
1028500,0.0048113437
1016201,0.012972378
1012343,0.030434959
1043269,0.00036398615
1025509,0.0058186185
1019678,2.5269658e-06
1032981,0.9033102
1039193,5.3842735e-09
1017886,4.2954504e-10
1025607,3.1445248e-14
1003194,0.8779903
1028273,0.20752817
1011378,0.016145704
1022690,0.0010330589
1025042,2.2164055e-08
1046909,0.06437374
1022968,7.900195e-05
1009824,1.2032643e-06
1022206,0.7827446
1022382,0.044738557
1006024,2.3156649e-07
1002046,0.1789032
1042194,5.7330845e-07
1005289,0.9486698
1038697,0.0048018643
1030553,0.11323534
1036069,0.00078515074
1018824,0.009889712
1005084,1.7526108e-05
1041241,0.16137312
1009028,0.002423407
1032677,0.2694604
1030574,3.5118384e-07
1018060,0.00038625282
1044047,0.6263085
1023163,5.2445776e-10
1035620,0.39471665
1023168,0.8675673
1041730,0.14047594
1004556,0.0001539832
1048817,0.065093435
1002011,0.28260198
1018721,0.008170372
1021627,0.58065856
1036185,0.11763094
1047136,0.010391668
1036032,0.059135128
1049878,0.0042464533
1037150,0.0006245149
1003433,0.040162407
1008273,9.492344e-09
1027347,0.23257674
1047246,0.004636727
1036647,5.838929e-05
1035598,0.0013222779
1034510,0.0008276082
1038004,0.79352355
1004664,0.3252039
1042180,7.815745e-05
1041865,0.12548007
1021504,0.008646527
1048365,0.6139955
1032855,0.7989555
1046760,2.2985894e-05
1024327,0.18702187
1016843,7.2722046e-06
1024219,0.15712744
1003834,5.114631e-06
1030174,0.93984836
1045001,0.04062542
1021435,1.6276633e-06
1018227,0.17835315
1036563,0.0022161072
1002831,0.030469002
1031981,0.62870723
1039811,0.11381518
1031460,0.41535577
1023762,0.13722274
1030209,2.6643484e-06
1022591,0.00076525623
1000971,0.7027548
1032219,0.25278834
1009997,1.856223e-11
1049227,9.853584e-13
1016107,0.00040962955
1036216,0.0014801584
1049605,5.1829866e-06
1008316,0.32072225
1015903,0.0005034426
1043337,0.0008071248
1036866,0.19536945
1039695,0.1529698
1003821,0.0014704361
1048787,0.0016345389
1002008,0.0006123439
1006539,0.53539824
1016911,0.002521177
1036406,0.859913
1045253,0.48085803
1011218,0.008526108
1041680,0.0018696958
1047538,0.0029867396
1006593,0.110363446
1007348,0.84327316
1019501,0.00033638917
1012549,4.7216915e-09
1001893,0.7975514
1036148,0.04383955
1034853,0.0014776813
1044044,0.4540523
1039821,0.0003657305
1044122,0.20365593
1033479,0.13597828
1024071,0.8420883
1010042,1.2952255e-05
1023968,0.01541551
1009950,0.62507546
1022445,0.13229299
1040223,0.42405173
1010000,0.3367246
1021336,7.24659e-20
1018200,5.3637777e-05
1036687,0.03635793
1011046,0.6233666
1000332,0.64325947
1015527,1.4773033e-12
1033941,0.0926905
1018941,0.006631252
1029282,0.06294397
1002554,0.04040216
1043683,0.054845724
1012074,0.39989007
1049948,0.31482202
1000548,2.4834788e-15
1048634,0.09631529
1037789,0.0018700262
1004493,0.10311919
1044886,0.0050257836
1028629,0.008354302
1046481,0.0045816908
1026667,0.0008453043
1039809,0.7562904
1011079,1.4187294e-08
1019578,0.0014429684
1011483,0.11117428
1049883,0.4987384
1003123,0.006757991
1033580,5.8801055e-05
1012879,0.0015078527
1021282,0.9202605
1020766,0.3586917
1000009,0.62424743
1048265,0.78459156
1010807,0.65486014
1021052,0.29966253
1035183,0.69306594
1010261,0.39039412
1024248,0.707127
1027384,0.40163383
1009864,9.453084e-07
1021002,3.049388e-05
1026459,0.7133411
1030414,0.0011666358
1005803,0.8647602
1026257,0.016066624
1020702,2.2992161e-07
1044920,0.83879375
1047106,0.31843892
1002037,0.26892835
1024763,0.8717228
1035172,0.34542042
1023445,0.16017812
1035180,0.8813117
1039036,0.6528992
1048255,0.51994056
1014609,0.058583517
1021865,0.001826021
1013693,0.13375951
1007103,7.448316e-15
1033995,0.039201543
1025954,0.0025907748
1042620,0.057240006
1047927,0.17912206
1024380,0.00021978503
1043575,0.44447115
1032062,0.23333268
1008331,0.28021505
1000559,0.21542773
1023570,0.736493
1027028,0.6685073
1007772,0.2437443
1000915,0.20109624
1011866,0.37753013
1035741,0.0018093343
1043537,0.016770057
1041212,3.1085427e-05
1046700,2.7414902e-05
1004179,3.191748e-06
1006149,0.09540622
1040089,0.77712506
1039899,0.0028698212
1049820,0.008281997
1020019,0.42094818
1012419,0.14593042
1030628,0.43259376
1005599,0.4840425
1016918,0.6229261
1041957,0.84174615
1025993,0.53912306
1025077,0.7658829
1043179,0.4480113
1033929,0.60284
1003627,0.4706892
1048936,0.7404057
1021775,0.004576418
1019505,0.0032696992
1014397,0.00010189563
1016853,0.555347
1032514,0.73956186
1026525,0.34443304
1015662,0.22519809
1001618,0.30684698
1035202,0.31885132
1002420,0.77482814
1036502,0.5325877
1009781,0.7410468
1040563,0.0012186518
1039762,0.0005675264
1041472,0.023930697
1014415,0.36460137
1019773,0.26530033
1030374,0.5550159
1048758,0.8029574
1023746,0.23139942
1013586,0.6144049
1039920,0.36963254
1006141,0.44167286
1043062,0.47435516
1043041,0.5129281
1033113,1.0850111e-12
1004684,0.0011137627
1048870,0.3077649
1018057,0.00079973106
1022361,0.02428205
1003808,0.6098621
1034710,0.015748717
1035915,0.002396072
1005963,0.001209239
1024047,0.07970449
1047259,0.0020399767
1014649,0.033872828
1027953,0.85720813
1015313,9.626613e-07
1041773,0.41567832
1017137,0.5171787
1049157,6.0122725e-06
1044623,0.0022231648
1020371,0.20558581
1018583,7.892733e-08
1012392,8.588558e-05
1025850,0.4054992
1033640,0.0006713105
1043727,0.0058351764
1031473,0.020398943
1017232,0.00020474027
1041176,0.00013989503
1013589,1.6691742e-05
1019965,0.7435752
1021763,0.007333434
1037606,0.024656292
1024197,0.5833173
1005209,0.00077911845
1000974,0.8429454
1039706,0.0062291217
1029996,3.0244813e-05
1025105,0.0004747651
1002207,0.02111085
1004890,0.1933413
1044818,0.0775399
1002165,0.1836007
1039823,0.73961604
1047339,0.1677052
1022727,0.0017601791
1015669,0.099829346
1027997,0.3105552
1011097,0.65598696
1008325,2.832295e-09
1015309,4.108424e-09
1028812,0.8135952
1003104,0.0023778072
1034761,0.4437643
1037339,0.029031677
1008130,0.007360232
1009894,0.09575751
1016170,9.9670324e-05
1011410,6.034566e-08
1007270,0.046023622
1030688,0.007397386
1020527,5.444222e-07
1025009,0.7876579
1035621,0.8105263
1017323,1.1127667e-08
1049580,0.04281286
1049230,0.002981838
1017389,0.74242395
1024659,0.00089276995
1004016,0.00092431775
1045252,0.41473892
1040931,0.7105294
1021707,0.010055999
1017505,0.005681665
1035721,0.0135483835
1007746,0.46296513
1019682,0.08051644
1047600,0.90391725
1023371,0.7906896
1048025,0.74732894
1019472,0.000498078
1026697,1.139621e-05
1031910,0.0168024
1030795,0.019359574
1014846,0.0891707
1024496,0.4118944
1001037,0.0020201115
1031228,2.6714144e-09
1030536,0.0031158777
1005240,0.04864474
1007859,0.0014705781
1013003,4.502113e-07
1021372,2.5925858e-06
1041314,0.04448262
1040173,0.74464977
1014357,0.5932452
1042531,0.41223255
1021298,0.7781512
1006960,0.61117077
1000509,0.510558
1011918,0.66759664
1031899,0.52668667
1027410,0.8030658
1011514,2.967672e-06
1035831,0.00062409183
1018418,1.9699012e-13
1049748,0.007612001
1005515,9.96709e-05
1014907,0.67887306
1007542,0.029963795
1008148,0.4518883
1018921,0.00011913883
1035512,0.10819341
1034228,0.31989023
1025408,0.042975914
1046631,0.23479223
1030424,0.4322225
1004450,0.4304119
1049739,0.47668716
1042010,0.8682643
1012799,0.50945145
1019646,0.7614411
1037965,0.17206334
1034313,0.84299153
1006232,3.949418e-06
1008988,0.20362626
1002632,0.73447007
1019018,0.25371665
1045852,9.6707685e-05
1017038,9.704811e-05
1025096,0.09648006
1042247,1.850235e-05
1005699,0.75891834
1041807,0.0010359106
1035165,0.10551458
1042122,0.0019982764
1040523,0.8460582
1028720,0.0021926998
1031316,0.4471864
1016353,0.4507199
1047764,0.54906905
1024408,0.51184195
1047069,0.6220677
1000091,0.41675794
1016870,0.18730982
1019016,0.7323609
1017163,0.5473347
1034073,0.48240212
1030366,0.35186353
1010091,0.5528658
1029936,0.54120976
1028901,0.00014892395
1034601,3.7842716e-07
1002561,0.81611687
1030859,0.016151266
1026384,0.15967914
1008663,0.030022949
1036295,0.0016901434
1021798,1.0455409e-06
1021631,0.9535064
1004426,0.57426393
1027928,0.6281703
1040929,1.7413255e-07
1031860,0.13478167
1001174,0.00069717056
1020466,0.05676113
1015174,0.0010522607
1025389,0.90036935
1035795,0.010951594
1000076,4.435333e-12
1015506,0.4760019
1011040,0.8156067
1043663,0.21778405
1006099,0.030953195
1012744,0.000119869386
1025661,1.2047789e-06
1041687,0.0020489506
1018234,0.0007878341
1020882,0.0010407424
1044082,0.08380036
1034013,0.6477956
1009069,0.004661276
1015854,0.09435304
1028364,0.58316356
1001513,0.52158004
1032172,0.21051823
1049493,0.0007776887
1016421,1.6871429e-05
1048659,8.861601e-13
1048521,0.075590275
1026652,0.62177104
1003176,0.8910085
1045951,0.43578908
1021102,0.26936942
1033557,0.88818
1042840,0.50827587
1045774,0.76210654
1015522,0.12271317
1041084,0.39043614
1035150,0.001118377
1001885,0.0040293722
1044267,0.0029485784
1048925,1.16403214e-07
1040415,0.19762123
1030032,0.05262863
1036346,0.894181
1011247,0.21264152
1043204,0.10918775
1021205,0.7844881
1037546,5.6292437e-09
1011413,0.01292725
1049699,8.450483e-08
1026986,2.1903175e-05
1004628,0.7857314
1044387,0.17783861
1039484,0.03201529
1033527,0.44994894
1046732,0.5656711
1049732,0.76130027
1046064,0.621771
1016761,0.26115063
1047898,0.3116903
1005303,0.78511566
1049264,0.36552468
1036438,0.07486096
1036379,0.62305737
1005009,0.0067474344
1038693,0.001658819
1022935,0.00970558
1008564,0.43026343
1024767,4.409263e-06
1041830,0.00019547032
1027272,0.3410327
1031156,7.8661105e-05
1006602,0.00024233518
1016475,1.4676006e-05
1012118,0.7364497
1007712,0.00092137355
1020130,0.32622224
1048049,0.3576461
1015160,0.17271388
1049414,0.4831506
1022592,0.6463233
1013521,0.6611446
1021832,0.75366527
1010660,0.565371
1027974,0.37952965
1040452,0.4214486
1024587,0.5295183
1025020,0.5767532
1033448,0.19360815
1046993,0.44226614
1040498,0.61192757
1003551,0.2311276
1035248,0.079673804
1049827,0.00048452828
1049013,6.849468e-05
1038123,1.4650625e-05
1005619,0.03557652
1042085,8.085052e-08
1039222,0.18419415
1030595,0.010563748
1034204,0.83987254
1037757,0.030502126
1011550,0.004464347
1030761,0.39952925
1001560,0.8809343
1007563,0.21191396
1008758,0.19072627
1039340,0.15717743
1018566,0.6430622
1031360,0.04137962
1020479,0.13986507
1006760,0.10978326
1016026,0.017522391
1008820,6.3920806e-09
1012938,9.537301e-12
1048527,0.039543867
1027654,0.07356921
1018592,3.1392304e-12
1044556,0.00034855807
1014463,0.6440975
1011322,0.53927976
1036747,0.12167169
1022859,0.8833729
1045067,0.046208408
1035674,0.09513976
1011605,0.3397745
1000641,0.3241157
1021411,0.47722045
1022660,0.74197817
1024267,0.56752354
1046047,0.058831
1001610,0.115124434
1012677,0.00077635737
1014311,1.5887554e-06
1009941,0.25023314
1001062,0.00035909074
1015693,0.7983668
1003051,2.116113e-06
1026160,1.5819518e-09
1029946,0.60202354
1018788,0.56836164
1040515,0.059064172
1035552,0.63457394
1049113,0.21055414
1044864,0.48655602
1024488,0.6942873
1017464,0.17562489
1044965,0.90049857
1005082,4.818935e-09
1048257,0.33454117
1025910,7.943129e-08
1015646,0.004911795
1047220,0.43092236
1028437,0.16791736
1045515,0.0404097
1008968,0.47343448
1017026,0.00010957397
1008060,0.1646391
1014802,0.4758673
1043084,0.31575
1026125,0.55514675
1027155,0.71194243
1013344,0.3936322
1031414,0.23006539
1000711,0.16965069
1025316,0.41046363
1001168,2.5374995e-06
1005796,0.018209629
1034906,1.3976143e-06
1042335,0.014109831
1035856,0.0032112144
1016224,0.30195463
1012844,0.74772465
1035536,0.58764744
1011115,0.025356313
1039622,0.60542536
1037663,0.7484997
1017581,0.66605747
1011635,0.5596994
1004549,0.5891749
1046330,0.26724118
1004926,0.25052625
1042632,0.73126453
1040596,0.6770918
1043199,0.005133702
1012578,1.8242288e-05
1015091,8.5977075e-10
1047897,0.0055571035
1021639,0.54026616
1021698,0.18664692
1001087,0.41078743
1021919,0.51357174
1036579,0.47578862
1017367,0.40040997
1006558,0.824735
1019307,0.5590442
1025620,0.50110465
1033739,0.17837752
1001246,0.7622711
1001028,0.00025892336
1031435,6.443569e-08
1014200,0.91511464
1031991,0.0016352782
1035071,0.025823258
1025129,0.5014572
1012788,0.00088341115
1003699,0.2829827
1006495,9.810534e-19
1001543,0.21423501
1033339,0.31556028
1013791,0.6144546
1026585,0.5083034
1006132,0.69614893
1005113,0.9482526
1002993,0.5395437
1011061,0.11891088
1026374,0.4582104
1023791,0.6524107
1020525,1.1096256e-08
1033713,0.026262075
1039947,2.7759954e-06
1037373,0.00011891501
1031343,0.010447205
1044194,6.7787986e-10
1049195,0.0015801281
1024150,0.45935705
1042470,0.81155205
1041150,0.893043
1046357,0.2814622
1030497,0.56259656
1045921,0.70604056
1040332,0.4966763
1013226,0.36809528
1016006,0.66497016
1015355,0.37796393
1043645,0.1831468
1043508,0.33519742
1004208,0.0017233021
1027429,7.894238e-12
1043767,0.1455011
1000017,0.011456149
1002543,8.231791e-05
1022226,2.1888294e-08
1030258,0.94447607
1012754,0.020099211
1032075,0.0018172148
1010956,0.019967508
1046238,2.5635022e-14
1031015,0.001419343
1043471,9.525519e-16
1049947,0.33105388
1017369,0.061280813
1049398,0.6987126
1048748,0.44389504
1029230,0.6753422
1013363,0.8619484
1028262,0.33508897
1021638,0.5744007
1038737,0.45983297
1043573,0.32265782
1026205,0.1957653
1047034,1.743582e-06
1004430,7.5051084e-06
1023315,1.0093569e-05
1040343,0.0014844906
1017819,0.7818773
1029037,0.35377383
1023387,0.04547093
1009025,0.095358506
1034084,0.7825768
1027985,0.2891571
1001728,1.0400154e-05
1028118,0.40767676
1009807,0.4996958
1037041,0.16026108
1041061,5.6447094e-11
1045673,0.37726057
1024167,2.711793e-06
1040491,0.3674438
1049510,3.3638822e-05
1024607,0.16339244
1024889,0.00022731326
1014294,0.20808929
1010176,0.25910103
1045142,0.09140308
1049379,0.58808494
1032193,0.08857857
1044622,2.3775963e-06
1032152,2.9817804e-07
1003733,0.015952967
1028456,0.07867245
1015374,0.02291371
1004133,0.16343988
1012491,0.077992424
1026601,0.064024046
1022871,2.673389e-06
1003338,3.1700799e-12
1035281,0.00168167
1031325,0.507912
1044573,0.05407351
1041186,0.17398539
1007706,0.8099809
1006899,0.055270594
1002523,0.003926608
1034402,9.0705735e-06
1026147,2.5235918e-09
1004411,0.50417
1010533,0.0002787327
1009395,0.88284826
1032527,0.6155282
1013891,0.031624224
1010377,0.7023228
1036683,0.8434683
1011263,0.72314197
1010135,0.035644203
1019475,2.8501783e-09
1025764,0.0025160823
1008005,0.0011918918
1047583,0.95490026
1028552,0.91761744
1020971,0.73923993
1015892,9.2661077e-07
1048819,0.067632236
1047289,2.0067606e-07
1019917,0.0008119155
1026168,6.9492856e-11
1005551,9.59748e-09
1037713,0.00071493734
1002565,0.099861264
1000307,3.9850165e-06
1046868,6.085574e-05
1000788,5.4997963e-06
1035639,6.969163e-05
1040473,8.166168e-07
1047866,2.720531e-09
1031090,0.02548839
1038817,0.84182227
1032387,0.0003797741
1038083,0.011012417
1013380,0.9413969
1043510,0.18510628
1024852,0.00031989667
1011713,0.0056591514
1008675,9.0947486e-07
1012607,0.14011069
1008702,0.00013541926
1027830,0.0056300405
1024653,0.7180278
1040810,0.45295247
1043142,3.7317954e-10
1004652,0.64563555
1011334,0.10557272
1029782,0.75803965
1027181,0.002264124
1016060,2.853345e-12
1027624,0.44777697
1006497,0.21134545
1003145,0.9167817
1020669,0.7296693
1033011,0.5968469
1003762,0.32054576
1036144,0.5292488
1029537,0.5649327
1035802,0.653084
1042588,6.1163886e-12
1008241,0.36538458
1028806,0.5216286
1022908,0.07291999
1017524,0.38356906
1022695,0.100345954
1029980,0.6185213
1003394,0.003071126
1014234,0.0058607
1038134,0.17096078
1006494,2.3135137e-06
1003663,0.010316013
1015625,0.19366908
1040719,4.227951e-06
1031980,8.367969e-05
1022888,0.81312454
1006077,7.6720666e-05
1036228,0.0013305278
1032507,1.2614656e-07
1043938,0.003354486
1014149,0.11552087
1011240,0.018667338
1044823,0.11923703
1027078,8.5380285e-05
1022825,8.510058e-05
1017868,0.71575034
1005267,1.7262116e-07
1013270,0.0027085517
1013314,0.45276
1012812,0.0009689443
1027946,0.87960434
1017035,0.024695693
1043858,0.00017966687
1030367,0.27176186
1030177,0.004295556
1012130,4.609977e-06
1021195,0.77298254
1042034,0.5849835
1038746,0.16888261
1035781,0.7140319
1044436,0.0066833156
1015936,0.119833566
1042208,0.45854852
1018662,0.0010175094
1036615,4.770618e-10
1039412,0.108048305
1047366,0.44979736
1042958,0.62424976
1014619,0.88728356
1031667,8.591074e-09
1026510,0.00086529675
1034694,5.231031e-10
1001876,0.042072687
1029467,0.0032063064
1015726,5.367495e-14
1042485,0.7964169
1040688,0.053002685
1042364,2.5789494e-11
1042203,0.00017983688
1004725,0.25019735
1049424,6.3473875e-05
1013048,0.0007175708
1000187,0.26573592
1042259,0.41705576
1039201,3.280979e-05
1007965,2.1522352e-05
1018935,0.3940804
1035565,0.23353878
1036058,0.0013837907
1004178,0.23778398
1005322,0.5370952
1034892,0.5721716
1026416,6.4287665e-06
1026484,0.16102503
1028987,0.04348866
1016374,0.1515505
1048310,0.80154544
1004717,0.70783055
1009515,6.4362384e-06
1049859,3.4657776e-05
1029139,0.0028866725
1022515,0.0103381965
1048330,0.53185624
1023310,0.009514601
1041545,0.013558043
1002791,0.0002950944
1028760,0.0006680529
1009566,0.81061727
1039936,0.07973383
1049352,0.09989898
1013353,0.07232778
1015665,0.58253837
1002668,0.14539878
1026963,1.7160169e-09
1003135,0.2864616
1029143,0.010048634
1023681,0.08036711
1015688,0.00015961929
1022024,1.4647456e-07
1027797,0.00045309024
1011338,3.6975216e-08
1010158,0.0048958207
1042216,0.010503329
1019568,0.8161872
1008918,0.0029550649
1013803,1.3314721e-08
1040437,0.56068563
1038041,0.6144605
1043032,0.6757414
1022597,0.16055645
1023983,0.0002210072
1020649,0.00038848733
1036018,0.16824903
1021351,0.53898513
1017141,0.4392217
1034603,3.0497754e-06
1048144,0.9039047
1003095,1.571469e-08
1013955,0.0031035834
1045215,0.024290135
1003620,0.04535648
1011463,0.06399553
1015670,6.305067e-06
1044776,0.25387457
1004230,0.00028553698
1014188,9.926854e-07
1024965,0.6716877
1007010,0.73405904
1022405,0.69553834
1007744,0.42070675
1029842,0.72645956
1030113,0.49378803
1046451,0.17906465
1003567,0.5857103
1023007,0.7473779
1020506,0.20954086
1029475,4.3290663e-07
1025922,0.0008734551
1049542,0.3608239
1040601,1.6032136e-05
1014183,6.760296e-10
1041500,1.1441984e-08
1028815,0.00012183535
1048192,0.08361039
1008492,0.0009235994
1048901,1.05206276e-07
1027977,0.04359537
1000957,0.0007806862
1026755,0.0032065455
1046384,0.08996674
1049086,0.8697034
1048092,0.5609801
1046614,0.16857277
1035671,0.6636124
1046769,0.73039746
1015359,0.18559733
1024944,0.37368193
1048683,0.5350318
1044650,0.28346035
1043777,3.9204384e-05
1012743,0.13683996
1019822,0.121119216
1012932,0.00029430652
1023855,7.9500496e-05
1006300,3.8146073e-13
1003193,0.043166023
1020804,0.23840515
1028058,0.017584246
1035273,0.8964256
1004305,0.49360883
1006612,0.8913089
1020508,0.92709196
1040072,0.72289574
1004247,0.4543274
1000328,0.59731185
1025633,0.9615472
1016036,0.48882532
1027218,0.7430405
1017036,1.0972112e-11
1024238,3.2378484e-06
1034753,0.06370447
1002272,0.004403806
1004553,0.14363335
1044643,0.9138592
1049661,0.006578909
1043528,0.33867
1017146,1.2287975e-05
1036037,0.7666239
1039229,0.02660285
1045280,0.61803365
1025983,0.07857931
1008337,0.5311653
1026364,0.13274096
1039272,0.7883784
1007147,0.7568906
1044851,0.109457694
1044789,0.73481345
1032876,0.2814865
1012865,0.68105316
1027434,0.059145927
1037841,0.008851722
1037562,0.4565452
1048720,0.0024251773
1032715,2.3766857e-05
1007681,0.01821236
1002024,0.68682253
1036850,0.13617966
1010005,1.5753832e-06
1012429,0.0004261362
1035396,0.020964602
1036442,0.010949952
1020259,0.05864852
1033706,0.33895737
1024069,1.14066665e-07
1020365,0.766558
1010147,0.03629347
1034727,0.13364625
1041278,0.1705501
1016397,0.8240503
1013328,0.21656446
1042957,0.46034375
1005155,0.66686267
1023936,0.25461408
1047083,0.23295115
1009805,0.48804563
1041118,0.15224719
1010338,0.77463967
1039589,0.009578625
1008387,0.109387994
1018563,0.011947744
1008243,0.012228379
1010210,0.2653558
1038217,0.77093667
1013548,3.4043012e-06
1049898,0.00026791595
1035672,9.981742e-09
1003684,0.011121527
1026819,0.00040589945
1010989,0.0010158109
1032073,0.28853703
1003519,0.8948481
1007188,3.1496747e-05
1032190,0.1010145
1026316,1.592348e-08
1047575,1.8777895e-06
1022951,4.3403892e-05
1048419,0.625341
1010219,5.258587e-07
1042305,2.370289e-12
1015961,0.15687421
1045429,0.33507958
1014726,3.522191e-05
1012391,0.054899823
1037281,0.009925939
1041854,0.10025342
1034756,0.6547869
1011671,0.8679991
1045051,0.02347879
1018422,0.12049778
1024359,0.00019943494
1011910,0.6663233
1016160,3.6058568e-06
1021452,0.08855705
1028247,0.02425604
1038221,0.027476376
1040951,0.3459261
1023938,2.0080964e-08
1033540,7.853683e-05
1025394,0.10131207
1038827,2.7959042e-09
1017649,9.635356e-09
1017941,0.5852571
1019639,1.7959037e-07
1021532,0.00011491014
1004461,0.5756043
1020614,0.0047662635
1040065,0.00065091666
1039178,0.006936733
1034494,0.01742685
1012957,0.8772658
1030140,0.46042398
1029094,0.0014073063
1012732,0.29981786
1012004,0.07022588
1022715,0.7292912
1016681,0.3549126
1012347,0.8820177
1029388,0.8156481
1040620,0.49654058
1035687,0.12592979
1040467,0.66868573
1025680,0.6629769
1024281,0.86029804
1027105,0.14533707
1038881,0.32288146
1024452,0.5365486
1017840,0.024335831
1014664,0.06858566
1022240,1.4044411e-08
1029789,0.3026837
1027444,0.00550091
1003605,8.3515437e-07
1019147,0.73088825
1045892,0.000584891
1043339,0.029025052
1013131,0.5340068
1014204,1.5568285e-05
1004590,0.009754842
1018352,0.09088994
1014076,0.31652242
1014095,0.43734917
1042706,0.32964462
1030877,0.12279866
1010344,0.7138315
1046927,0.68304276
1036388,0.47583252
1036550,0.68783355
1036790,0.8515009
1022332,0.004214964
1034396,0.48377165
1031884,0.0013093787
1048018,0.62341696
1022889,0.6482492
1048669,0.26923686
1031177,7.907481e-09
1013140,2.5797355e-08
1047488,0.8268713
1045206,1.3534147e-06
1021199,0.0008345271
1016203,0.001812262
1008929,0.1358867
1043718,0.3450676
1043108,0.083589785
1036171,0.1773402
1003402,0.33298862
1014780,0.5244834
1002821,0.19295052
1028026,0.48866287
1000207,0.4295477
1006311,0.009359815
1012885,0.868705
1009368,0.5359657
1004989,7.943021e-06
1020760,0.71560925
1049759,0.026636438
1000290,0.5970038
1020965,6.6676273e-07
1041587,0.8968688
1011572,0.36037606
1014162,0.006595168
1032447,0.027946394
1037926,0.8463238
1007417,0.85135055
1016172,0.13209097
1044627,0.03491786
1001576,0.38509637
1003467,9.135172e-05
1036422,0.20741196
1005117,0.00022059436
1006368,1.12836415e-05
1043942,0.42803705
1011837,0.29340947
1049158,0.0070998254
1016538,0.8068038
1024672,0.006185763
1010440,0.72350043
1027080,1.946704e-07
1032950,0.11590076
1012943,5.608203e-05
1040659,1.8142944e-09
1038841,1.5544936e-09
1037603,0.035900693
1012889,0.04951752
1013029,0.10282878
1048424,3.6155214e-08
1046080,1.6009916e-07
1037753,0.78265446
1006188,0.010211618
1017946,0.010013491
1014928,9.960837e-05
1048970,0.41613406
1034705,0.21940382
1021492,0.0009115796
1000846,0.83489794
1047234,0.00677028
1005060,2.74656e-06
1003084,8.9685854e-14
1003113,0.013287904
1023372,0.24335466
1023848,0.00028006622
1002332,4.0969926e-08
1021132,0.0006088956
1019797,0.10819769
1014199,0.006913636
1022149,0.497406
1025623,0.0074432
1044474,0.44244877
1019210,7.806369e-10
1011272,4.91462e-07
1000264,0.38650522
1033674,0.030409735
1044453,0.5674217
1018528,0.018936697
1044182,0.18164971
1049487,0.00010374434
1025614,0.001821515
1025097,0.54644567
1048440,0.64475304
1000516,0.065207906
1046754,0.03361971
1006817,0.36018476
1047820,2.7691754e-10
1001757,1.6568501e-09
1026329,0.5551521
1033679,0.014992297
1022131,0.020662783
1044895,0.8423845
1032240,0.7393404
1022603,0.0019174753
1027302,1.0211126e-08
1036568,0.40923828
1042837,3.0648496e-06
1045083,0.7479249
1022471,2.311916e-05
1035258,0.29792544
1015088,0.22403617
1026379,0.12722576
1020060,0.00024989783
1034365,0.04885913
1017253,0.00032379778
1009518,0.0015367491
1048417,0.6181085
1038598,0.75000376
1018815,0.0008038622
1047080,6.1706396e-09
1021600,5.427778e-12
1033139,0.36237448
1027098,0.00044150453
1024413,0.13286987
1044874,0.0023448586
1024272,0.7962004
1035580,0.7389948
1032658,0.5668519
1035850,0.04158621
1019257,0.0010885359
1000476,0.26443085
1013979,0.32800555
1016161,0.71177745
1024865,0.66347694
1041962,0.20691718
1005499,0.6490593
1004431,0.76990366
1012315,0.8792749
1028574,0.1698394
1005487,0.4011351
1022135,0.64787847
1029317,0.20346701
1009900,0.14139608
1039522,0.3851714
1028723,0.3421236
1023107,0.4989987
1033324,0.42277622
1038229,0.6508166
1045862,0.6606524
1035904,0.103411384
1041532,0.00019924979
1002335,0.077767186
1002146,0.78853464
1034950,0.33031303
1018615,0.08785248
1024178,0.1423067
1036599,0.63042736
1021988,0.74890417
1013832,0.62390244
1014997,0.46179616
1035073,7.034162e-05
1011684,0.07652709
1019705,0.06485419
1010797,0.00694132
1011802,0.057165593
1049600,2.2919332e-06
1004400,2.5024226e-05
1016109,0.038131393
1031034,0.43808043
1035217,0.1416115
1030468,0.47240934
1046757,0.0013537689
1004598,0.030903649
1008287,0.24974585
1047383,0.10596924
1048005,0.789078
1045633,0.87439406
1047141,0.72888315
1045146,0.48173967
1006907,0.26088288
1021680,0.29373476
1003021,0.4065538
1034773,0.70825773
1030545,0.79950166
1043048,0.52618265
1006937,0.014010779
1042451,2.9806071e-05
1031259,0.011160504
1041199,4.58196e-12
1004649,2.4727923e-11
1023137,8.236652e-05
1022238,0.13661906
1025011,2.040969e-07
1040423,0.008063577
1016168,0.0004187298
1010546,0.001730736
1019152,0.37745997
1009277,0.6339815
1015632,0.2919688
1001984,0.23220189
1016736,0.07668355
1002814,0.4192278
1031928,0.76775044
1015790,0.80031425
1036909,0.23238003
1029504,2.2010191e-09
1044280,0.77290547
1011122,0.35514167
1040679,0.7607171
1014223,0.048392385
1031589,0.60571873
1003992,0.7418198
1026307,0.582832
1039093,0.7143221
1027106,0.42208657
1005171,0.22688372
1038171,0.27132457
1034107,0.31095228
1006244,0.29213646
1007582,0.0544502
1012195,0.0002420853
1020784,0.80186576
1010127,0.46870908
1001290,0.00019623055
1003274,0.00015173657
1039094,0.00039538275
1003470,4.7709327e-06
1035962,0.018380433
1040675,5.4314118e-05
1031472,0.0014465869
1008928,0.0019009752
1036800,1.9221897e-08
1012151,0.7312203
1040799,0.5583516
1049257,0.10053153
1031480,0.4841519
1033374,0.40171912
1046749,0.4399118
1040849,0.854048
1043353,0.7103673
1033684,0.85857385
1010909,0.75836384
1043811,0.22574371
1020435,0.0077746045
1019453,0.010578301
1031875,0.38186854
1044952,0.001521166
1032598,0.4998094
1041392,0.46296555
1011599,0.821219
1034555,0.6020472
1029320,0.2076849
1036159,0.4562447
1017484,0.59635854
1022220,0.20712723
1029161,0.36799434
1019567,2.9491888e-05
1046759,0.010264478
1030967,0.8073516
1019408,0.38689917
1007961,0.0033063309
1024701,0.15616423
1010579,0.008126311
1035423,0.0004464124
1004765,0.6013734
1034390,0.0028707818
1019518,0.9042821
1026078,0.025348436
1044071,0.35575578
1027264,0.5623557
1027412,0.33211708
1022926,0.91251975
1014388,0.4842105
1042807,0.044459928
1011941,0.58683354
1002600,0.21635604
1032921,0.8360936
1042604,0.0026900277
1045179,0.60588485
1012120,4.976534e-05
1024784,4.883263e-05
1012897,0.2475919
1024812,8.15255e-09
1030400,0.339562
1024658,2.4003497e-05
1023043,0.010446486
1042551,0.4020273
1040250,0.34151852
1045976,0.88011956
1038024,0.01200966
1002768,0.3893462
1001237,0.7391923
1022709,0.8597905
1040560,0.49342084
1043954,0.8886437
1008892,0.6977472
1003413,0.15468928
1026244,0.6768977
1023279,0.21080181
1001856,0.007177146
1011521,0.000868883
1027912,0.10637772
1049753,0.0010293009
1020537,3.9750603e-06
1042657,1.7129117e-06
1047707,0.43808055
1028319,0.27022538
1026215,0.15229273
1043156,0.36154586
1034946,0.7473417
1005348,0.57153714
1041164,0.42955366
1021413,0.6877593
1008870,0.82602423
1006810,0.8520546
1008465,0.8383255
1017185,0.7401958
1009921,0.606083
1033114,0.003294842
1007221,0.00080872956
1023885,0.7269572
1005061,0.825443
1001955,0.4683407
1017142,0.5970715
1035432,0.22257803
1002176,0.5913757
1016191,0.8192597
1022812,0.5657592
1005286,0.49225935
1022725,0.49182966
1027198,0.0005680654
1040317,0.1518816
1017105,8.398772e-07
1014949,0.9322285
1038855,0.388098
1041886,0.20235091
1044362,0.6628935
1034519,0.80421674
1042508,0.0030046
1007842,0.5724542
1047741,0.9255977
1037489,0.8072938
1030887,1.911875e-08
1046139,0.006751203
1046847,0.89895034
1022287,0.0038536573
1030355,0.7009295
1049340,0.0014512298
1028236,0.1808486
1015981,0.41277727
1010964,0.013754632
1046973,0.33483618
1028368,0.027447222
1030637,0.2372852
1020267,0.0052239257
1001607,7.3873166e-06
1046213,0.16515376
1020668,3.33959e-06
1014433,0.011037915
1042238,3.839612e-05
1037218,0.0002954502
1039403,2.4045893e-10
1026271,4.661786e-05
1035864,0.81067014
1022683,0.2077556
1018118,3.0027346e-05
1047545,0.1769449
1047768,0.0026228502
1007023,0.297345
1012111,0.24009012
1011849,6.911899e-08
1018806,9.624684e-09
1043345,0.0075080786
1010118,0.77236956
1002495,1.946699e-09
1005420,0.0005667749
1030933,2.9583205e-05
1037350,6.186397e-05
1031686,0.53440344
1037972,0.52822393
1019731,0.6284149
1029194,4.003816e-07
1038553,4.7235277e-05
1022047,0.036692347
1023637,0.04073085
1015392,0.7851444
1038040,0.8580764
1004216,3.3849033e-06
1021250,4.8693128e-05
1038865,0.89903706
1009391,0.10857514
1015728,0.49383563
1013292,0.028821625
1013844,0.8851026
1049998,0.024113169
1026115,0.13773248
1022243,0.0016674425
1006004,0.09938159
1045972,0.0012946244
1038220,0.2841867
1004148,0.041970313
1027730,0.00790006
1021584,0.034564465
1003581,0.45141315
1007837,2.9557987e-07
1018848,0.8639029
1032456,0.06458587
1030212,1.6854392e-07
1034453,1.7017602e-07
1039562,0.0035377566
1007307,0.016758528
1004502,0.1906997
1044115,0.86101806
1005558,4.382472e-05
1043022,1.141933e-06
1004966,0.02698342
1024245,0.7569293
1017388,0.80415756
1041048,0.24075109
1020681,0.70276767
1002082,0.7045406
1048105,0.74807876
1000022,0.7249465
1010692,0.14033405
1014634,0.81742185
1004228,0.002932844
1004232,0.06757505
1019900,8.277506e-06
1036501,0.036390726
1041554,0.51772046
1005022,0.34459406
1007022,0.0020156328
1034798,1.658442e-07
1015744,5.9870057e-05
1024310,0.0022050752
1047469,1.2410069e-08
1020637,0.014889441
1018078,0.44325492
1007807,0.73827535
1013638,3.4885915e-08
1017018,0.00011374106
1040683,7.590165e-05
1049316,0.03200437
1013043,0.24973282
1039384,0.5748817
1048227,0.76491475
1008618,0.16612738
1027741,0.41031656
1048089,0.53701377
1007240,0.81570196
1034074,0.5725958
1003765,0.28426173
1027964,1.6179572e-05
1004655,0.8059514
1020467,0.07359942
1038714,0.24116123
1024801,2.9711735e-05
1030148,0.83286834
1008973,0.07483908
1003359,0.6559831
1018762,0.33767304
1045956,0.004752096
1024053,0.27576286
1047659,0.07008196
1024199,4.5584066e-12
1022726,0.9256189
1037286,0.73840016
1037776,0.7423825
1020960,0.88716525
1021844,0.8489487
1010401,0.71930027
1001900,0.71385914
1007860,0.43685535
1030392,0.21993448
1042187,0.04428305
1037504,0.48397654
1010902,5.8344012e-06
1006779,0.71579957
1041221,0.06187007
1009336,0.001157896
1020976,4.971796e-18
1003655,0.8789461
1008531,0.19214442
1036023,0.014670064
1047603,0.7166654
1036762,0.0035578588
1027940,0.23225182
1019001,0.5412549
1007282,0.7988811
1008849,0.10842506
1006464,0.83402824
1040311,0.34332722
1024826,0.6198231
1020081,0.8963545
1049317,0.42548555
1028795,0.55469847
1049843,0.33027667
1022465,0.63757676
1029361,0.8478057
1044626,0.0002314784
1038738,0.0013843417
1009709,0.03468002
1001464,0.0012149416
1040684,0.9538317
1041748,0.18013863
1008521,0.80644566
1039150,0.38080812
1011292,0.6286112
1034647,0.55155164
1004161,0.8159901
1036512,0.919364
1028304,0.89167315
1030750,0.73362195
1040640,0.56905127
1024968,0.8088805
1044873,0.026465667
1016551,0.010751206
1039184,0.64804757
1000006,0.69770515
1037207,0.9259016
1014950,0.79383975
1045962,0.41995418
1024507,0.6517891
1041037,0.66992724
1031366,0.6573959
1041116,0.7498341
1042128,0.38711894
1044798,0.8658636
1049750,0.9410708
1000993,0.26283118
1032606,9.2307755e-07
1015351,0.8127982
1039590,0.032212
1012887,0.6948484
1029272,0.20568612
1037246,3.1496636e-10
1024981,0.00689626
1030709,0.7642721
1025461,0.00014974728
1031718,0.20907296
1005826,4.6541103e-05
1024990,0.16537456
1035146,0.6955757
1022496,0.834233
1010378,0.54218286
1014988,0.36423174
1034244,0.5409036
1018690,0.59775686
1020875,0.7842872
1015123,0.625223
1009754,0.4833285
1033605,0.08166769
1042814,0.016600868
1024798,2.786058e-07
1015414,0.1096233
1019214,0.016840287
1004467,0.8898877
1033988,0.29889622
1030884,0.37087467
1019203,0.48080748
1042460,0.5047792
1047499,0.5896402
1011241,0.82562464
1006583,0.70650953
1016563,0.8842135
1025594,0.85900897
1009871,0.0101377005
1047480,0.9524822
1024351,0.0022035816
1008381,0.41197035
1013018,0.5896522
1018433,0.34607297
1012092,0.31033936
1039187,0.37095562
1030617,0.85598993
1044069,0.89134943
1015121,0.36532414
1042502,0.76241267
1009940,1.0770688e-08
1045878,0.18645608
1002084,0.21216634
1024636,0.00010394249
1021455,0.013827905
1001691,0.091084234
1018441,0.0008157394
1027416,0.035378024
1027638,0.44288766
1014524,0.22970504
1006784,0.01195221
1007317,0.004759486
1015838,2.1296502e-09
1025552,0.85804385
1004834,0.0027171203
1036195,0.86563593
1022121,0.7910587
1028198,0.0031299358
1019075,0.035913132
1017372,0.0032311773
1045046,0.9327493
1024792,0.056393623
1043749,0.6484813
1033354,0.04471186
1011495,9.382432e-21
1001077,0.7597568
1040819,6.3810735e-06
1035857,0.14333084
1000333,0.5981348
1029265,0.17322035
1012046,6.0921357e-06
1014156,0.055386804
1034704,8.727433e-05
1007467,0.10980244
1048053,0.49824202
1043712,0.097254686
1031165,0.045883723
1030396,0.58684033
1024161,0.029148314
1039523,0.3118893
1028375,0.01927529
1041843,0.1561032
1008911,2.7791838e-12
1013384,0.920292
1032302,0.026714493
1020235,1.4951351e-10
1014163,0.0011067936
1024936,0.021043131
1028943,0.6715633
1031439,0.02910035
1010612,1.7067563e-09
1004805,0.027620263
1032753,0.0019697864
1026748,0.6673985
1023982,0.09950871
1039730,0.010531869
1006245,0.16515301
1018334,0.011313402
1049080,1.6223211e-08
1004244,0.01171138
1037342,0.021397488
1035229,2.0040384e-06
1015732,6.3082574e-08
1045125,0.72169834
1013325,0.2651604
1034811,0.6766364
1017610,0.4325453
1002070,0.019551832
1025203,0.7726106
1027488,0.21891518
1043210,0.742094
1023204,1.6598629e-11
1008069,0.4305965
1032747,0.08167279
1049561,0.5048342
1036110,0.8372859
1033141,0.7248091
1015887,0.000171628
1047582,0.062011834
1043545,2.8098615e-05
1023513,1.010772e-17
1033686,0.89717704
1035528,0.6445716
1023228,0.0006738125
1022254,0.1124411
1033804,0.085394725
1013564,0.8812869
1022344,6.10664e-13
1049752,0.0532915
1015408,1.4209799e-08
1046355,0.7940723
1012616,2.7190931e-06
1007993,0.027015664
1020866,0.36192688
1024814,0.000103626895
1024619,0.00015862577
1027249,0.50343955
1039658,3.2140716e-07
1017148,0.6869167
1000426,0.14798301
1023258,7.955302e-07
1000097,9.821436e-06
1003939,6.948487e-08
1033189,3.871346e-06
1031489,0.72191423
1037731,0.0004619415
1044682,0.0015884663
1031111,0.32796243
1018212,0.07181906
1033702,0.63393605
1021718,0.22315983
1034456,0.3512502
1000816,2.142189e-05
1043588,2.1123203e-06
1035673,0.28609988
1039067,0.0052760956
1007533,0.80145293
1024384,0.0010709923
1015715,0.3087119
1026704,8.323045e-05
1026680,1.321695e-12
1021951,6.511579e-05
1023602,0.8208005
1043956,0.07222146
1047865,0.0025425002
1045766,0.00090516143
1041902,0.011594393
1007422,0.37839532
1003471,1.5592846e-05
1019909,0.3983815
1000916,0.041763354
1033495,1.528369e-09
1002141,0.7112093
1014843,0.26895306
1000438,0.7365411
1024736,0.019904505
1005556,0.00013424428
1028954,0.39286152
1034737,3.976471e-06
1043284,0.506211
1009045,0.39071867
1015474,0.84655905
1008215,0.13254794
1011776,0.3436459
1033345,0.77108914
1022418,0.12226304
1005601,0.0005723638
1018435,0.00023002678
1047097,5.1677567e-08
1020301,0.04309812
1014135,4.2445572e-05
1004268,0.78009546
1018633,0.80708814
1042866,0.00070019613
1025088,1.1483041e-06
1008363,4.053025e-05
1014485,0.06701162
1030420,0.0031890115
1012477,0.007117327
1048137,0.33321017
1007454,0.6976999
1021686,0.7000864
1045400,0.6085055
1034128,0.7856391
1025585,0.4221046
1031297,0.86879766
1000029,0.90225405
1035265,0.8512881
1027456,0.5960069
1026496,0.21688142
1003543,0.0030781077
1038808,0.219425
1030726,0.06529507
1023593,0.33942628
1044244,0.047476903
1047092,1.4124727e-09
1012341,0.0003591481
1008237,0.057603627
1017176,0.88249063
1037257,0.5369513
1046311,0.47019374
1030955,0.77989256
1012659,0.49071568
1012428,0.0021351317
1036525,0.76127917
1012870,0.81099844
1043054,0.0041697496
1022705,0.00040309882
1035630,0.06752459
1014174,0.7553977
1038689,0.7242139
1039365,0.71383345
1022104,0.71761376
1027210,0.26860052
1006544,0.23265035
1010663,0.80944914
1048686,0.91737205
1031766,0.55163574
1033573,5.8406335e-05
1037337,0.09810978
1014982,0.018909957
1007693,0.0051244586
1000622,0.024146559
1027087,0.10353064
1018543,0.41911286
1048325,0.78506696
1020585,0.2959486
1017189,0.0051319613
1025492,2.3718767e-08
1019158,0.1429533
1042398,0.00018510727
1046692,0.002487191
1036652,0.118520975
1048351,0.48361886
1003909,0.0029005888
1011657,0.0011052411
1036257,0.7441645
1007006,0.0006228779
1035260,0.18099943
1012460,0.1212656
1005251,0.5170445
1023190,0.2864723
1034733,0.8330753
1015379,0.504888
1004757,0.62848806
1001130,0.44191244
1039400,0.632272
1024279,0.37230313
1019865,0.00018750149
1000432,0.46193433
1041515,0.0014362248
1036499,0.16197191
1006396,0.43566158
1009541,5.617417e-06
1000170,0.11580103
1003689,1.2045057e-05
1012140,0.5273107
1033559,3.3297543e-05
1006169,0.0051616137
1032090,0.21380368
1032185,0.5057773
1030205,0.1870283
1043265,0.001992836
1032261,8.974915e-05
1012444,0.4511049
1023171,1.9086243e-05
1039659,0.27284753
1023210,8.716742e-14
1023094,0.71887684
1021699,0.0026968033
1013664,6.3014966e-05
1028148,0.0003768182
1029333,2.475149e-13
1026728,0.7107878
1009468,0.6243686
1036735,0.016657103
1026780,4.0734593e-09
1049511,0.01836987
1003817,0.878146
1045568,0.72523713
1006208,1.5231898e-08
1024878,3.2300702e-06
1045381,0.0003558083
1019829,9.780164e-05
1007047,3.1726934e-19
1049671,0.004598938
1027991,1.633633e-08
1009501,0.0018523751
1014431,0.21265699
1025778,0.45759577
1003852,0.67506
1040082,0.005506913
1039870,0.37333503
1049442,0.06616662
1002021,0.29857934
1036714,0.038686424
1006150,6.4084375e-06
1031863,3.728062e-13
1003216,4.2052707e-05
1028778,0.86875516
1042794,0.66752887
1030073,0.0004370189
1011652,0.07936475
1000174,0.3352217
1036483,0.007544934
1000113,0.017844668
1002832,0.45223424
1044839,0.46889827
1021676,0.00044134085
1037813,0.43375242
1012634,0.015802825
1039374,0.30893365
1022737,0.0029092887
1048229,0.07061414
1002133,0.06257542
1006256,0.18037133
1001827,0.06972063
1042087,0.2866693
1023945,0.43249574
1044581,0.11602675
1009665,0.90646684
1034331,0.88638955
1043477,0.64062387
1046377,0.4754375
1023269,0.7707673
1014700,0.7803008
1045396,0.35870156
1019056,0.5236436
1011939,0.74002457
1038912,0.7891937
1002309,0.33727226
1030498,0.83326316
1011375,0.074612305
1008607,0.011950009
1011341,0.049377404
1003232,0.13752085
1011956,1.9559117e-15
1047168,0.021095365
1045513,3.7697092e-11
1032480,0.0024498736
1034680,0.024019437
1043433,0.62205225
1011756,0.32375675
1025287,0.015671046
1027222,1.9856442e-08
1024897,0.64939976
1002862,0.26767743
1011743,0.68158096
1004545,0.91688466
1006638,6.091602e-12
1037289,4.6743567e-11
1029262,4.2274097e-11
1022201,5.5038916e-05
1017772,0.00554489
1011632,0.043131046
1024437,0.8835884
1020288,0.7575134
1002434,4.534267e-06
1024309,4.8503945e-05
1024569,0.08218045
1006843,0.1313742
1024306,0.85040754
1048512,0.06203816
1021643,9.1720685e-06
1041696,0.24429438
1006383,1.0493014e-05
1027744,0.274411
1031487,0.20734072
1004246,0.06411274
1041355,0.00020263986
1007313,0.045976978
1015620,0.0047561233
1045402,0.59765255
1021664,9.518633e-13
1019096,0.26528326
1011365,0.011558008
1032096,0.06861439
1026905,0.34822795
1026187,0.018350894
1009506,0.2137931
1003368,0.020373883
1015548,0.80987585
1008859,0.37862438
1007739,0.70357186
1010537,0.9076254
1030328,0.8531939
1011266,0.4875981
1029856,0.44750583
1030690,0.8807366
1000999,0.6252301
1015062,0.0012239693
1046932,0.038656287
1026407,0.003912437
1047967,0.00076061086
1023661,0.00016058088
1018818,0.00026671757
1005146,3.011527e-08
1043082,1.0692848e-05
1002080,0.080343366
1041308,1.4601676e-08
1035643,0.4473149
1049168,0.0029186907
1038904,0.0006065664
1028836,0.17019904
1019099,3.6456933e-07
1015431,0.86353797
1026550,2.9106555e-05
1018112,1.4918216e-07
1022978,0.04417237
1044072,0.15878385
1006034,0.10784335
1044801,0.0094936825
1032954,0.0017807973
1044385,1.01530874e-10
1020581,8.3495484e-05
1021977,0.6769163
1027092,0.013422022
1016637,0.14983678
1021128,0.108281694
1049944,0.6692929
1045104,3.9644896e-10
1002507,0.0021626172
1037551,0.00026847926
1022508,0.004984093
1042042,0.6384616
1041697,0.041192297
1046771,6.1767946e-10
1012023,0.03340133
1026451,2.4749932e-07
1042166,5.8270365e-05
1044704,0.00108996
1035954,5.1776886e-05
1007304,0.2405099
1033930,0.5486136
1011563,0.01573858
1002678,0.49260432
1006562,0.005006559
1038582,0.16229305
1049396,0.1789882
1012840,0.0004036741
1035890,0.07329511
1045468,0.11734338
1026552,0.8087456
1028688,0.006137304
1042582,3.2102703e-15
1016539,0.17381246
1039293,0.0020792978
1022800,1.380985e-07
1013662,0.006924167
1021000,0.0037630426
1036511,1.3689545e-06
1000196,0.015243588
1031277,0.89481074
1019067,0.3550456
1029180,0.05585401
1031115,2.2313802e-06
1007398,0.240004
1036703,0.004393534
1040771,0.044439726
1036497,0.89046437
1041551,0.6750427
1031839,0.00029466
1006923,0.006981208
1035907,6.159659e-08
1049075,0.8593118
1012542,0.73636323
1020373,0.0003413165
1039611,0.31662297
1010289,2.1507645e-07
1025180,2.1358591e-08
1015831,0.024109405
1027358,0.45940328
1025963,0.0021451733
1029248,0.09502375
1034072,0.8277905
1039633,0.011249249
1018859,0.8267608
1015870,0.00043145975
1011709,0.029653093
1043680,0.052705973
1024997,0.28190476
1041357,0.007287115
1029332,3.1551757e-05
1041013,2.9084633e-05
1031183,0.17823894
1017275,0.017180081
1002194,1.197588e-07
1044582,6.6848e-10
1004137,0.21547668
1024073,0.43454084
1016888,0.79135567
1005020,0.043164317
1044487,0.00011861343
1036076,0.046906378
1016175,0.0009414299
1015341,0.7359113
1023682,0.0013448129
1000470,0.1140119
1006534,0.81578016
1039848,4.139127e-06
1016261,0.013130481
1024292,0.03319709
1028195,0.6500265
1041885,0.64353067
1038157,0.00070820126
1021888,0.00041022018
1040814,2.8152456e-07
1039204,0.0053371065
1023348,0.012220496
1011187,0.041693494
1046140,0.0019578564
1027229,1.5407619e-05
1008393,0.6004217
1025113,3.902311e-05
1009154,0.09383518
1049720,0.011819274
1002780,0.025886422
1045526,0.00029376638
1044075,0.25948632
1043621,0.00580928
1048251,0.4404136
1025603,0.06585294
1014476,0.00014840002
1012882,0.11501302
1028722,0.062235966
1021629,0.4498622
1003833,9.9130804e-05
1032699,1.8904368e-05
1033975,0.0005229653
1048729,0.33994275
1047910,2.0520164e-14
1006023,8.785335e-06
1039640,0.22405605
1024212,8.741151e-06
1035314,0.8632554
1006914,0.10098403
1001524,0.025421567
1034989,0.000118926015
1039142,0.004121645
1033231,0.7638782
1001727,0.7694809
1013899,0.564814
1024409,0.7923176
1003574,0.6049868
1032208,0.53908384
1022179,0.8611125
1030502,0.5565368
1018411,0.4901958
1012027,6.7853607e-09
1012914,0.7576672
1049908,0.000105474115
1014420,0.020227266
1032125,0.09749311
1003564,0.052449513
1034871,0.7886868
1031051,1.5472005e-15
1035926,0.6660486
1040992,0.39394656
1017944,0.13984503
1028724,0.09990916
1048891,4.6504243e-07
1044713,0.4895143
1003637,0.22265327
1023131,0.0005122059
1021142,6.6270117e-10
1028347,0.40792957
1030487,0.31261772
1017384,0.04433238
1001756,0.6696453
1005170,0.027997216
1033861,0.61453176
1034193,0.059718486
1039059,0.0026100655
1036791,2.5800782e-06
1040461,0.83390576
1021036,1.0800981e-10
1030634,6.25586e-05
1024186,0.8395991
1036586,0.05101323
1004455,1.9274116e-14
1004969,0.0031031126
1008307,1.19830365e-05
1001535,1.3821483e-07
1019234,1.5932053e-11
1019528,0.0054714223
1027773,0.016961958
1021065,0.8216895
1026267,8.404286e-08
1009377,0.0042711757
1017523,0.40371767
1023764,0.12266036
1020758,0.7051783
1022774,1.3938783e-12
1034800,2.8201374e-14
1012099,0.67780715
1021044,0.67026925
1035948,0.61010617
1007125,0.62595534
1029921,0.8093083
1011101,0.34542185
1019409,0.82902616
1020806,0.88470125
1020634,0.22967574
1018319,0.8996849
1018058,1.5754507e-06
1034376,1.9670467e-06
1042617,0.51618963
1031194,2.0805534e-18
1048342,0.8348934
1020694,0.00026509227
1040371,0.80616456
1009625,0.024629155
1037171,1.5467771e-05
1028887,1.6730409e-11
1042375,1.7845308e-05
1020476,5.0897816e-06
1005293,0.051723454
1020797,0.8142851
1001582,0.0120904995
1012085,0.0009840281
1036674,0.8092674
1041963,0.002653761
1041631,0.04641568
1021575,0.034577765
1049270,0.15999787
1034240,0.19996826
1023250,0.6370967
1040938,0.13461629
1037586,0.004848188
1037589,1.2842975e-07
1001971,0.019165762
1014129,0.05257964
1047586,1.0828562e-05
1015567,0.077417195
1040004,0.0014401322
1014145,0.004367308
1018585,0.029372076
1014616,0.32608697
1004297,0.20105411
1029290,0.82892823
1000875,0.00010126648
1049444,4.8054165e-12
1020785,0.69539094
1029257,0.17022412
1013398,0.5911209
1032599,0.7068755
1037971,0.70680434
1044117,0.9328356
1033783,4.130011e-06
1025019,0.7452032
1030825,0.00030652733
1016395,0.0047988663
1030365,0.063839704
1040005,0.31923333
1019100,6.795116e-06
1026485,0.0002455539
1026020,0.04869534
1033103,0.96917367
1041344,2.7895785e-11
1047258,0.8987571
1001994,0.6288411
1039331,0.6274799
1004640,0.5060325
1009495,0.30033222
1036740,0.1668361
1036242,0.81638294
1041141,0.664695
1035296,0.45544577
1034308,0.8216314
1001779,8.8938676e-11
1043970,0.00054292317
1024417,2.9053304e-08
1002813,0.013241924
1008862,0.44586354
1003290,0.86839247
1046333,0.62787974
1032615,0.46814775
1045219,0.2931795
1037810,0.6222785
1041878,0.28028235
1022803,0.49547422
1044764,0.8023127
1036046,5.027252e-06
1021284,0.024886671
1006125,0.099371865
1000920,0.8572146
1009743,3.9964825e-06
1040197,2.5949954e-05
1001564,1.8260635e-05
1036363,6.146585e-08
1022577,0.7217924
1019786,0.6391773
1022460,3.3937209e-09
1037695,1.2776603e-07
1015072,0.19319643
1043158,0.33843604
1011799,0.35601583
1024514,0.30692777
1029003,0.2854461
1044951,0.23469922
1006830,0.62831223
1004789,0.61345017
1022850,0.34661266
1004661,0.8835413
1000015,0.8864777
1015177,5.105418e-05
1005998,1.0651765e-06
1029934,0.8243031
1026814,0.37018728
1042254,3.1560467e-06
1019035,0.017830415
1008980,1.551323e-07
1021347,0.008193856
1043505,0.048319906
1021708,2.98598e-10
1042284,0.00027096854
1020567,0.23740736
1023135,0.72621673
1036327,0.641702
1014382,0.7816311
1040780,0.85040134
1012728,0.4397531
1002555,0.18059285
1032773,0.25619903
1031804,0.7736805
1014468,0.48856384
1012283,1.2043849e-10
1036432,0.79816186
1032015,0.0001016848
1047063,0.5771385
1004625,7.6697745e-07
1032145,0.34424978
1040299,1.2592203e-07
1006210,0.21120581
1013069,0.26937675
1016029,0.10023506
1044263,0.080516644
1001924,0.8657795
1046488,1.1812161e-06
1039592,0.13663757
1043369,5.827328e-06
1030371,0.30173844
1030739,0.7164403
1028187,4.8692636e-06
1022432,3.1567168e-05
1007338,0.12555325
1048414,0.7692304
1030241,0.000106811145
1004784,0.8366719
1049167,1.0662335e-06
1025956,0.044603623
1001921,0.00015934647
1043346,0.11834578
1015411,8.908323e-05
1031671,0.6731503
1040733,0.02951908
1002020,0.73267275
1012329,0.0008466755
1046256,0.003538002
1002992,0.0020762011
1013988,0.5489959
1027280,0.0046015056
1046651,0.81001306
1026781,0.7850997
1036911,0.52038103
1018761,0.062287122
1006756,9.0383475e-07
1036211,0.010553835
1035317,0.5743491
1005439,4.2327292e-10
1049247,0.0006761256
1019139,0.5120799
1010150,0.00014331548
1012590,0.47688407
1028859,0.02993935
1012248,0.3073192
1017802,0.84800893
1040046,0.7823536
1031393,0.37589476
1034262,0.390223
1005563,0.10860458
1023447,0.68228304
1043356,0.31778178
1041332,5.1275303e-05
1048791,0.00015903347
1043587,0.2773703
1016955,5.555876e-06
1045810,1.6025359e-09
1023547,1.3222344e-06
1019098,2.0006212e-09
1034787,0.00039249554
1005665,0.7589407
1030911,0.25399652
1027215,0.21202229
1040164,0.7292032
1036872,0.00013675804
1007119,0.19902219
1026218,0.097385496
1008220,0.0016125754
1043540,2.3805022e-07
1002438,0.16081423
1022275,0.73077214
1017419,0.062469665
1034322,0.011625386
1022301,4.6149e-06
1015745,0.06261186
1009390,0.010580947
1042553,1.5833364e-10
1046995,0.03528279
1025511,0.0006918144
1011169,3.719499e-07
1026458,0.07700568
1017811,3.3876621e-12
1024419,0.25678444
1030821,0.030433964
1033992,1.646927e-07
1014477,0.0011202685
1037951,0.0015573878
1031181,0.8646746
1018933,0.38103372
1042213,0.41768953
1014710,1.3000998e-06
1015099,0.53376585
1000292,8.0192076e-13
1039258,1.1793278e-05
1019390,3.2310254e-05
1049875,0.4890219
1032531,0.3512315
1027772,0.016185794
1033688,0.0007540291
1021331,0.7908634
1049790,1.3337756e-05
1031905,9.874858e-06
1047993,0.6442247
1014657,1.1766761e-10
1008738,1.6647456e-07
1008019,0.3438643
1023470,1.3448997e-06
1010492,2.3151229e-06
1019830,0.3540579
1037704,0.0012331759
1041494,0.5540065
1013697,0.3519041
1027674,8.76301e-05
1025039,0.4879215
1014242,0.0070422455
1013500,6.519619e-05
1041558,0.71672875
1016459,0.07382849
1047466,8.5368276e-07
1042041,0.0038133452
1004733,3.396974e-07
1002076,8.929124e-05
1040535,0.04109845
1027282,0.92110395
1017853,0.4260226
1045126,0.39222735
1025834,0.3957897
1008867,3.2136057e-07
1048245,0.0037958203
1042525,0.82389313
1043351,0.7706668
1011883,0.005212275
1035718,0.53646815
1020200,0.017831225
1011259,5.765781e-05
1011489,0.013559955
1025943,0.5397202
1015418,0.00016683896
1001559,0.05454878
1014426,0.11100126
1026469,0.7990135
1046276,0.0301072
1015916,0.18060124
1005618,0.03468131
1042724,0.00012958313
1030300,0.00014189452
1044999,0.01486279
1002491,0.27888063
1022364,0.05918724
1001261,0.79572535
1034533,0.4087831
1021506,0.002113888
1029001,0.29887572
1005772,1.1896213e-06
1046940,3.3001518e-10
1019027,0.0051849857
1028061,0.037574336
1002428,0.027312702
1037703,0.040640738
1019600,0.15447414
1018695,2.3652627e-05
1049175,0.0005412803
1043410,1.6119122e-05
1031845,0.0017503984
1000048,3.8447157e-05
1035345,4.933339e-11
1042576,0.015743589
1024642,0.3735283
1006435,2.7647318e-10
1036588,0.5378903
1033579,0.004574768
1023516,0.6327328
1017236,0.60416496
1015039,0.030855801
1024293,1.09322336e-07
1033894,8.850271e-06
1043348,0.01355303
1042962,0.0046991194
1031168,8.245746e-06
1028423,0.014729445
1002162,1.1588761e-05
1005100,0.60543305
1046576,0.21703169
1007583,0.005771293
1044739,0.0004905906
1019064,0.24027169
1038187,0.0017561519
1000128,3.1403601e-07
1019706,1.3356134e-07
1036464,2.8161041e-08
1034507,0.007200514
1009466,0.0488912
1013827,2.3608472e-06
1012297,0.0007008658
1011197,0.00024163174
1049569,0.0001059099
1048572,0.35068426
1042436,0.43980777
1034093,0.00018283757
1042801,0.000105463056
1025846,0.00021795569
1002837,0.0037833364
1046069,0.3791386
1027133,0.011890632
1021037,0.6726619
1034280,0.80327815
1023990,0.84407276
1043464,0.38228887
1046164,0.8378168
1007486,0.23416461
1014455,0.8680555
1008779,0.57884914
1038793,0.7607841
1041820,0.68430424
1003078,2.8162143e-05
1017393,0.27059588
1033390,2.668191e-09
1014636,0.011477271
1017344,0.07056987
1005799,6.908324e-24
1007549,0.0060267975
1033744,0.57433456
1024943,0.008251135
1044449,0.2767373
1002104,0.26025847
1010360,0.6204275
1036985,0.71249664
1002440,0.6146967
1010744,0.69890803
1000186,0.54362535
1010034,0.4108601
1045597,0.5734055
1016919,0.63678825
1005779,8.8237506e-10
1030399,0.012918168
1030943,2.0178188e-05
1036034,0.21175003
1008833,0.6255251
1023660,4.7606456e-05
1023337,0.7804678
1043490,0.5209118
1025791,0.04708836
1030033,0.44148692
1040458,0.0047142976
1023553,0.019304158
1028480,0.09548491
1035195,0.25347096
1002370,0.50841826
1042745,0.89944005
1022939,0.11236019
1007388,0.5886421
1014299,0.8353045
1049635,0.41520298
1040607,0.26381126
1000501,0.8199599
1013159,0.00015354909
1044448,0.2192293
1008170,0.02684742
1003956,0.02564864
1017059,0.016918626
1003769,7.781921e-05
1031501,0.42077532
1009992,5.6818333e-08
1018556,2.9218436e-06
1026432,0.03872141
1016656,3.0380888e-06
1014381,0.6620314
1046735,0.8811346
1024728,0.0004149721
1025508,0.0030893132
1022511,0.8204621
1011916,0.001640785
1021509,0.06125142
1041128,8.846728e-12
1002978,0.76859903
1035143,0.66914743
1048809,0.5705766
1036149,0.17128325
1015661,0.007074368
1027115,1.8456804e-08
1047960,3.842539e-05
1002273,3.1196436e-05
1018567,0.8318939
1028224,0.36205316
1003496,0.00015822968
1031185,0.00027899593
1006789,0.016536815
1010550,0.026091313
1045571,7.4922815e-09
1019103,0.35999352
1005941,9.881732e-07
1031556,1.5170277e-09
1033928,1.0509953e-06
1033701,0.34839484
1045580,0.7337765
1013684,0.83219516
1017078,0.4402006
1004238,0.17429055
1015433,5.818393e-12
1019107,0.2001521
1036137,0.59060067
1028430,0.49684334
1027507,0.073976934
1009977,4.219667e-07
1024375,0.00023356259
1030937,0.26446724
1009849,0.0025214988
1035897,0.8195686
1023459,0.36189017
1014049,0.58771104
1015261,0.8723496
1010166,5.058629e-07
1038122,0.12118645
1037261,4.7994505e-05
1026870,0.0195529
1019041,0.023962606
1046586,2.1933658e-10
1029014,0.007489561
1037610,5.802656e-07
1023272,0.59644395
1028309,9.8428674e-05
1046195,0.05608824
1006419,0.32655284
1041755,0.2913414
1031306,0.0015953402
1022986,0.74071735
1043055,0.3853768
1002927,0.0031897575
1036253,4.5998846e-08
1028931,2.4861463e-12
1021660,0.11356949
1015407,0.7032151
1011987,6.8920854e-06
1013631,1.0295747e-06
1035805,6.190433e-06
1004167,0.9114094
1020005,1.3712905e-07
1013176,1.2794538e-05
1012193,0.1588105
1011055,0.6738615
1028935,9.9984645e-05
1025644,0.92207146
1006853,0.4809105
1032416,1.0184916e-05
1029286,0.4234391
1007169,1.7431815e-11
1012387,0.82917506
1012619,0.015793469
1018636,0.055399656
1045678,0.740891
1033137,0.0329558
1031116,0.08942714
1001313,0.0003722929
1008558,0.010447848
1036657,0.0005034589
1002614,0.78413886
1019672,1.84264e-05
1036030,5.7346184e-05
1034180,0.12060938
1001280,0.0055636684
1037899,0.00036931367
1026784,1.1448619e-06
1004257,0.2640687
1035916,0.09212513
1012508,2.2851063e-06
1043226,0.009536189
1046242,4.3538495e-10
1002954,1.6754773e-06
1028083,6.0498296e-06
1020448,8.506692e-09
1014410,0.04152568
1002807,0.85261244
1049470,0.0034801548
1015437,1.5650014e-07
1015370,0.034242485
1047590,4.480082e-06
1001175,0.06979585
1045840,7.441639e-12
1018388,2.6948705e-06
1014889,9.8972785e-05
1004797,0.00945226
1022710,0.48756835
1005063,0.52881336
1024171,0.40083218
1045873,1.02829375e-07
1028121,0.09852544
1034358,0.7206402
1014625,6.902307e-08
1002674,0.079736166
1037697,0.035294477
1045310,0.7574495
1021970,0.07022541
1022786,0.008674026
1049252,0.49282616
1041672,0.0061168885
1027066,0.05927346
1002160,3.5414587e-07
1022514,1.8305775e-07
1000094,0.053143546
1032436,9.539545e-05
1008987,0.00015048415
1013417,0.9079703
1045874,0.7849623
1025259,0.40221632
1027871,0.004456014
1010776,9.577113e-08
1031018,0.31421548
1038583,3.7224952e-11
1017412,0.0118241925
1009290,0.13170987
1018194,2.9991915e-07
1048080,0.00022289656
1049595,1.690639e-07
1042667,0.0016740216
1025950,9.351619e-08
1015181,9.901442e-12
1014967,0.002371074
1018028,0.044872887
1025110,0.5748554
1024991,0.0015572521
1003034,5.535008e-06
1005218,0.00034680613
1020250,0.6686913
1042438,0.67697686
1048865,0.26772493
1026419,0.7231703
1040010,4.7329693e-05
1032169,2.2549675e-06
1016415,8.7689175e-11
1033191,0.09673616
1002306,0.0658621
1024376,1.6815467e-05
1043708,0.00016525867
1040776,0.053103946
1043742,0.10512121
1040667,0.00058150495
1034242,0.37123197
1027731,0.018378686
1035990,0.07081629
1031529,0.04923147
1020135,0.24913907
1024019,0.75009835
1045902,0.000905102
1040791,1.6017973e-08
1034913,0.84210545
1021463,0.0004823906
1028196,0.0007933371
1045089,0.9078138
1019387,0.80299
1037209,0.42067736
1008925,4.0103668e-13
1015755,0.00039529626
1023543,1.0102428e-08
1048211,2.845259e-06
1009910,0.094078556
1002566,0.015069161
1008636,0.0059327953
1008660,0.00034213916
1046620,7.638413e-11
1041064,0.002814997
1007797,0.070651695
1042826,0.0008158561
1009831,4.148968e-06
1017466,0.22595158
1006041,0.48241925
1001537,0.17263149
1048576,0.71835846
1024964,0.16857891
1042347,0.18354352
1019251,0.4980978
1047180,3.8030103e-05
1001459,0.31797588
1038818,0.0026513238
1017491,0.87792516
1039344,0.49918562
1044628,0.2654084
1042766,0.11262657
1007187,0.8841751
1009449,0.69124335
1016390,0.43956807
1023992,0.5749742
1037317,0.3293207
1029978,0.13098378
1048515,0.20576085
1008584,0.27486643
1029525,0.22363828
1013284,0.00023650398
1030662,0.2081046
1002118,0.460007
1045194,0.003263732
1035732,0.018978518
1010460,0.6209484
1029608,0.01041447
1034467,0.6849404
1042612,0.8647889
1008489,0.7705317
1046707,0.5368904
1030814,0.90211785
1049911,0.50411224
1014773,0.7516593
1004354,0.74293274
1042742,0.3851903
1038306,0.68265164
1039329,0.4986979
1045829,0.0012382423
1019279,0.0032251352
1036668,0.10875314
1014853,5.7765454e-05
1026570,0.0049881903
1033524,0.92600256
1047717,4.756113e-12
1027633,0.31588697
1044758,0.1259719
1007540,0.00084448507
1024967,0.9313172
1010726,0.87455225
1036955,0.0005948739
1045964,0.042432513
1011486,0.18406022
1032536,0.13607919
1013759,0.32435802
1013608,0.7786837
1025820,0.85060924
1044981,0.19815923
1007574,0.69973314
1041256,0.7571036
1033760,0.87924284
1019398,0.5084918
1018803,0.4858061
1010131,0.85514456
1025058,0.9062762
1016510,0.39331698
1038578,0.0025206858
1012675,0.09657326
1024730,0.07959463
1007623,0.093724504
1002277,0.64915925
1034916,6.868123e-16
1043004,0.11628969
1017145,0.016946945
1033851,0.04353393
1027235,0.0006468028
1029489,0.06293787
1003423,3.4911927e-09
1008194,0.0007856256
1017410,1.7076095e-09
1004259,0.43524158
1042491,0.3053299
1000902,0.66243356
1041671,0.46869645
1049892,0.699586
1048946,0.30448824
1031413,0.58842295
1038971,0.35623544
1039634,0.40979946
1019790,0.31342503
1021579,0.5414436
1025848,0.0031094474
1017097,0.027780937
1021704,0.0006246745
1040391,0.3264091
1034620,0.6011557
1020063,0.5200163
1044297,0.56240165
1010013,0.029761937
1005718,0.0016623646
1029801,7.3432475e-06
1019359,0.04517876
1004279,3.1216647e-08
1047986,0.00085637707
1032397,7.209891e-08
1025093,6.313975e-08
1028655,0.89255714
1036495,0.38529658
1018030,0.91304874
1020854,0.80168676
1003160,0.74782425
1024934,0.6260177
1048204,0.48332778
1030153,0.48546156
1037947,0.74973065
1008756,0.22241901
1038396,0.30120242
1003347,0.2161068
1002265,0.106149875
1035321,0.8570266
1014019,0.22647785
1026663,4.469663e-05
1042207,2.772336e-10
1042379,0.0055912407
1012242,0.028830566
1039274,0.14428021
1014093,0.0019113108
1017066,1.9686108e-07
1045006,0.06854752
1014313,5.3801978e-06
1036817,0.004112149
1039146,6.450971e-08
1023638,0.68583786
1031975,1.2758683e-06
1013594,0.74653536
1005655,0.27697167
1017479,0.5435596
1004571,0.92003536
1015640,0.8213702
1020512,0.27845538
1022412,0.42518398
1046437,0.19780174
1008540,0.29633737
1045807,0.03777916
1041911,0.75216293
1049393,0.4811013
1038267,6.515367e-05
1042315,0.04189941
1037944,1.2752151e-06
1022743,0.08959087
1045762,0.005359881
1042912,0.19559568
1026019,0.04936887
1015960,1.3200799e-05
1025181,0.19755444
1000567,0.45957258
1029976,2.7571508e-05
1000354,1.33318945e-05
1008949,0.5355762
1005429,0.8717264
1032912,0.7262433
1022763,0.6879943
1039707,0.85486996
1017614,0.55840695
1001686,0.3622832
1021156,0.9617129
1038285,0.6527327
1044601,0.64084476
1044938,0.686905
1014665,0.63195604
1035446,0.9006008
1020486,1.6742997e-05
1046136,0.37353778
1047203,4.326984e-06
1018970,0.0030773995
1017371,0.5208604
1000099,0.7693365
1027462,0.8502355
1004361,0.0088044405
1028285,0.0402419
1030673,4.1339435e-06
1023724,0.30304164
1042569,0.4602041
1014053,0.28668258
1035513,0.7407316
1025613,0.73537457
1021802,0.7238604
1029893,0.72429633
1039964,0.7680506
1027531,0.225718
1021448,0.25246274
1032727,0.08618203
1044023,2.844032e-05
1026533,0.0003260759
1024902,0.9301934
1022106,1.3717252e-10
1034302,0.44904938
1038442,0.1311211
1039602,3.83048e-09
1034427,0.21515352
1019452,0.00037553292
1016967,0.5428258
1022244,0.0002713742
1047778,0.688849
1003009,0.00039310686
1042013,0.00037140702
1002186,3.8938254e-07
1028807,0.9246652
1043894,0.005227051
1015235,0.802517
1032446,0.15785559
1015403,0.5776919
1031643,0.7243647
1021927,0.6270557
1049647,0.62002873
1041952,0.74564236
1007158,0.73850596
1021521,0.77936995
1012467,3.8025788e-05
1026586,0.01378434
1040721,0.000116745556
1042524,0.09495206
1013386,0.21054968
1003738,0.8319097
1035586,5.5992306e-05
1007656,0.26659602
1034211,0.08172166
1025749,0.003485123
1049946,0.0018132672
1000792,6.58471e-06
1026420,0.0019080624
1043601,0.00091011106
1042140,0.007374156
1049795,0.00064012693
1006324,0.00014159986
1003735,0.7202635
1025539,0.14827998
1003414,0.01502406
1012928,4.4356893e-05
1039446,0.05665459
1028510,0.12725604
1019226,0.00044107946
1016694,0.113807306
1014563,1.3320241e-06
1045795,0.58247817
1027678,0.6895653
1033820,0.13276002
1020899,1.4185151e-06
1014178,0.41469294
1023123,0.52144355
1028556,0.01863103
1031505,0.016682263
1014999,0.10006768
1030462,0.60762864
1019534,0.0010842832
1035264,0.85891616
1009661,0.0021736852
1004773,0.06267119
1013578,0.0079133175
1010495,0.0025876618
1013561,0.059200387
1049957,0.56673074
1009406,0.0002895308
1014640,0.08299802
1030641,0.9381928
1022323,0.030264135
1049816,0.0007472984
1023753,0.28070885
1037200,0.0839545
1009416,0.63009214
1002102,0.24149309
1010112,2.339241e-08
1005271,1.446743e-10
1007127,0.51873755
1007998,0.4096929
1043590,0.67683226
1033943,0.053830504
1022073,0.000481852
1034559,2.8861753e-16
1030741,1.3145221e-06
1025632,1.3670041e-06
1042772,0.5657103
1011516,0.0025915427
1011357,2.956351e-11
1034226,0.7445337
1039903,0.6887315
1021188,0.0019725421
1046099,0.0017898526
1003116,9.470463e-07
1004485,2.9003256e-06
1012834,0.0077730156
1017847,6.842483e-08
1019669,1.1221125e-05
1044640,0.06807135
1038386,3.2894776e-12
1044430,0.12968841
1013150,5.1992658e-05
1020722,0.72415924
1038576,2.0701551e-05
1049100,0.16784884
1021828,0.015333027
1037060,5.5659788e-05
1042468,1.10375015e-10
1036022,2.7798737e-06
1045008,3.8426857e-09
1025932,0.00024444153
1045719,0.004229442
1035192,0.104917854
1035535,0.8915802
1028551,0.06409801
1016872,0.508302
1038177,2.9326608e-12
1010130,0.2946415
1045113,0.71210414
1037142,0.0005398377
1034247,0.0058827726
1014789,0.38191375
1000110,0.13675906
1040188,5.2827905e-05
1039619,0.026110474
1009148,0.027815035
1016321,0.013426436
1033267,2.913522e-07
1031865,0.0007709141
1004300,0.124218345
1037741,0.0045487164
1019516,6.785775e-09
1018096,6.242062e-06
1041460,0.03900005
1002218,0.0030322862
1047824,0.00462851
1031386,0.0008474535
1025705,6.460847e-08
1042218,2.1070543e-11
1014132,0.18031691
1043507,0.125521
1000376,4.9669495e-07
1032084,3.6575514e-06
1030557,0.00012797084
1016585,0.36539865
1012238,0.8378758
1044502,0.4587523
1032691,0.9071974
1028513,2.9593741e-06
1000727,0.016624704
1028408,0.055989373
1010840,0.92395276
1030238,0.37660512
1030369,0.061020344
1015814,9.901041e-09
1018074,3.44025e-07
1046432,0.01709251
1020820,0.06883872
1022058,0.031296063
1028300,0.017801864
1016956,0.0002896385
1003305,2.2205628e-10
1046937,0.14335313
1023409,0.17046134
1044718,0.39551315
1031604,0.057230677
1042018,2.370651e-08
1000699,0.024957817
1002512,0.34456396
1010243,0.6139356
1010307,0.46149537
1017547,0.032025974
1033568,0.093228765
1028346,1.2537804e-06
1022126,3.938377e-09
1024370,0.16193794
1047013,0.85110503
1004929,3.3666876e-09
1027013,3.9497344e-10
1028218,0.02720818
1047928,0.00034076537
1000159,0.020192234
1004780,0.8844714
1041205,1.5860667e-06
1007876,0.30470845
1028961,0.14844115
1027615,0.07064036
1016713,0.5484205
1032545,2.5645486e-05
1000243,0.00076147885
1031155,1.8233644e-05
1041785,0.17322667
1018726,0.0010964382
1010801,0.058595564
1036263,0.007416383
1015761,0.00010161753
1041976,0.0128606595
1006442,0.609773
1031593,0.00048116496
1023734,2.2507592e-08
1025236,0.0046296613
1036908,0.61770016
1045788,0.026686855
1026952,0.2745104
1009614,0.12121381
1048807,0.015124277
1042388,0.25404653
1048289,0.0029814024
1004131,0.5924218
1025398,0.7926062
1001540,0.8869586
1043109,1.8913566e-05
1035051,0.0031193933
1046560,2.4051476e-05
1010593,0.03857353
1042261,3.509217e-17
1035544,5.735324e-05
1014272,1.3888957e-10
1036423,0.016734336
1009401,0.03353595
1032617,0.0076807896
1024275,0.7831254
1012078,8.118605e-05
1038661,5.085213e-07
1038762,0.00083432347
1042568,0.13903733
1037524,0.93271095
1036029,0.5099451
1005466,0.82424057
1029105,0.68594617
1029203,0.5462891
1014094,0.7827023
1041026,0.69043136
1041513,0.31961802
1008118,0.651405
1004638,0.7917692
1005477,0.41675568
1039755,0.3926066
1008730,0.8302546
1002062,0.6278271
1007856,0.6680934
1018368,0.5899253
1042032,0.7554119
1049029,0.45402595
1029877,0.00010909647
1000267,2.3411437e-06
1007181,0.18112127
1008017,8.046802e-13
1010545,8.365518e-07
1038172,0.5049338
1001570,0.21779768
1048300,0.022864781
1044328,0.863254
1032591,0.0063906033
1022132,0.024610512
1009244,0.027506076
1026110,0.2355559
1010835,0.90142745
1014508,0.08777804
1013121,3.7894355e-07
1004699,0.03560316
1018757,0.0013334221
1040756,0.867624
1038241,0.052145686
1042428,0.86203676
1017866,0.09955312
1003617,0.00026308504
1023248,0.0031427091
1049806,0.7843812
1007700,0.319322
1044647,0.0024067115
1046252,0.7612141
1019980,9.941622e-05
1048172,7.530872e-05
1042671,0.027466437
1035060,0.41418907
1009680,0.77287805
1046848,0.88478917
1039995,0.018257443
1019248,0.00018365425
1016370,0.96520406
1004473,4.3674856e-05
1033654,0.24775352
1007879,0.7213888
1015024,0.81523687
1033857,0.9031057
1016968,0.24743862
1016794,0.8993212
1049209,0.7984056
1027769,0.7681002
1047082,0.46888238
1001526,0.61242133
1045747,0.28038543
1018304,0.07293564
1024318,0.042595632
1041729,0.87073314
1024333,0.7917009
1012810,0.0027108728
1030521,0.20050861
1033153,0.35749906
1013622,1.2248205e-09
1044174,1.2204724e-07
1041814,0.55967224
1042709,0.0024846937
1011968,0.77580625
1028886,0.16728285
1023475,0.7216724
1024297,0.00039546206
1048088,0.0012621551
1034531,0.5984878
1022899,0.8493273
1039216,0.6120802
1012710,0.45842016
1047791,0.70536035
1003751,0.52814424
1028946,0.759285
1013024,0.8020925
1037292,0.7697288
1012420,0.00034913688
1011660,0.5139393
1023231,8.107287e-07
1000827,0.024467316
1034696,0.91936296
1018106,0.058228295
1002371,0.21881524
1016822,0.08727208
1025410,3.9583814e-08
1049804,0.0001470963
1039032,0.23851123
1012531,0.0063548177
1010932,5.7711054e-06
1043235,2.4805963e-06
1033375,0.45089862
1041076,0.6747012
1030037,0.32442558
1011307,0.5121208
1000773,0.13424808
1005435,0.41036493
1043347,0.7301527
1038777,0.57516366
1044239,0.45376894
1002275,0.6344499
1019868,0.0012336952
1017294,0.004710467
1029674,0.4649705
1009637,7.024389e-05
1027778,0.78179705
1021288,2.0677323e-06
1030845,0.00029133225
1015667,0.02201383
1022145,0.048260465
1028860,3.433054e-05
1007843,0.5693421
1017291,9.588024e-12
1037600,0.17095917
1019502,0.871963
1035308,0.54787457
1014413,0.738739
1000604,0.86617726
1013966,0.2587782
1001085,0.31287223
1003339,0.61298424
1021644,0.70231
1017599,0.0055675353
1024580,0.6084373
1042285,0.011410822
1018224,1.9182166e-07
1027745,0.10116499
1031005,0.0034911642
1005745,0.016079774
1043844,0.8757209
1015637,2.7077822e-06
1022537,0.7841784
1018949,0.29237
1049144,0.72290987
1035220,0.83334893
1021905,0.34718084
1020353,0.39333853
1017330,0.8818842
1017747,0.8016976
1039559,0.6073416
1022979,0.763367
1014522,0.7002192
1040460,0.11521946
1024193,0.10525424
1013053,0.63682306
1010493,0.00039958663
1026626,0.00067258446
1049979,2.8369568e-08
1021981,0.0003687144
1002717,0.00040155835
1013438,0.00015144979
1024345,1.0805166e-05
1019825,0.8867315
1041284,0.77013785
1008302,0.7603325
1047293,0.28278497
1020945,0.5971065
1046982,0.85113037
1026934,0.44786385
1049472,0.27373758
1044883,0.81047106
1012232,0.0034879907
1010531,0.057521503
1045802,0.7440529
1004539,4.4037438e-07
1048646,0.00034251265
1035760,0.4094665
1048109,0.003483618
1015880,0.32955062
1015005,1.4339922e-07
1031954,0.0017377936
1034550,0.1309037
1038754,0.00038212372
1002505,0.8333495
1022307,0.43941244
1010048,0.5678696
1003640,0.8800338
1007342,0.6562143
1013536,0.2522012
1028871,0.7536332
1027548,0.36931786
1014852,0.8138964
1037358,0.31253755
1049123,0.47910315
1014674,0.58917636
1011552,0.5027933
1007104,0.000119464086
1003425,7.520403e-08
1001783,0.050923146
1045584,0.054530103
1000755,1.509983e-05
1019104,0.75556666
1001499,0.8862287
1002724,0.55161285
1040757,0.8834129
1032358,0.40098098
1002541,0.9000069
1040014,0.7221629
1032505,0.71101487
1034241,0.42270097
1015320,1.5507254e-06
1014251,5.6654993e-05
1020056,0.2658878
1028980,0.032958858
1040043,0.007959826
1045485,0.7254374
1033171,0.8060361
1005311,0.80655646
1018681,4.269593e-16
1024503,0.62515473
1039906,0.8289158
1001420,0.8237185
1042649,0.787908
1022957,0.8451846
1024117,0.37410045
1006474,0.62241155
1047763,0.929894
1001432,0.713079
1045658,0.40659907
1023819,0.032053243
1011255,1.6238378e-12
1001837,0.91750854
1007323,2.320183e-19
1012075,5.710042e-06
1030848,0.00038275865
1032681,2.0148684e-07
1032990,0.9171008
1041270,5.9783506e-05
1023561,8.949712e-08
1011496,0.30014327
1031376,0.8245087
1047192,3.9631823e-06
1037187,0.1794792
1016677,0.36490485
1043007,0.0030311588
1011010,0.0019758886
1045721,4.127844e-05
1008548,0.043988228
1017306,6.0550315e-12
1029827,0.8040301
1000956,0.009284732
1037930,9.573069e-06
1015279,0.9196614
1020193,0.014593848
1044037,0.11819144
1030204,0.014270749
1017564,0.0003231936
1026726,0.02843079
1007359,1.30421695e-05
1014763,0.0071577244
1045843,2.689551e-05
1028342,0.0001560856
1002871,6.693178e-05
1046267,0.0010814515
1010896,0.0014141223
1015746,0.80130655
1023557,1.4039287e-07
1003977,0.0328429
1019888,2.6723707e-14
1041330,0.7114529
1003500,0.8833074
1039104,7.5001415e-05
1021875,0.00023991641
1038445,2.0169942e-08
1042171,0.0070836553
1037057,9.4294504e-05
1007192,0.67714864
1049096,1.0177867e-05
1015318,0.12235646
1007148,8.292526e-06
1004024,0.009120129
1011208,0.18671073
1011335,0.15759543
1012774,0.25456214
1019647,2.0390132e-06
1039460,0.67280334
1020576,0.0011312541
1036711,0.29954842
1046239,0.0001835275
1002053,0.72197264
1045520,0.24530244
1016051,0.80918366
1016092,0.017720148
1018829,0.8005909
1020294,0.4714602
1012911,0.030681035
1037517,2.0229343e-09
1008993,0.15179603
1047349,0.7035569
1014617,3.2923344e-07
1009327,0.14911693
1041352,0.8802322
1009887,0.24662769
1041255,1.8932244e-05
1033591,2.4018245e-06
1004380,4.9663595e-05
1007378,0.046263963
1024843,0.00067092123
1019828,0.7295779
1003185,0.8530631
1004547,0.35756326
1011645,2.7579974e-05
1039824,2.6597316e-16
1035521,0.6539486
1012588,8.583423e-13
1017859,6.8668254e-05
1007064,9.135822e-06
1010019,0.3825619
1046019,9.599633e-18
1030426,0.018411001
1040612,0.0041823136
1044976,0.32358816
1010815,3.5228982e-07
1048428,0.042663615
1022857,5.548126e-05
1032665,5.627149e-06
1021791,2.9633577e-05
1014318,0.2870347
1037297,4.4573113e-07
1016156,0.00020943451
1027734,7.58322e-05
1013717,0.5588636
1007603,0.27805132
1043863,1.858484e-10
1016976,0.0006631586
1043474,9.129102e-08
1038359,0.3861362
1028525,0.11605714
1028159,0.65120655
1001853,0.25777978
1048704,0.011521294
1004469,3.039964e-10
1038273,0.0011983294
1017844,0.28814366
1012181,0.21033026
1000737,0.2422984
1002195,8.365065e-10
1021597,8.497333e-06
1018746,0.8894127
1013164,0.59180367
1043860,0.748319
1001409,5.5946807e-09
1044821,0.38981894
1033597,0.14830256
1009126,0.006456811
1005704,0.06426985
1038424,0.8454968
1034980,3.3668582e-06
1007775,0.802862
1038518,3.1667134e-12
1027293,0.055944692
1007682,0.16687334
1015582,0.035710335
1043255,0.36462507
1002793,0.13852383
1000028,0.13387695
1014390,0.14634104
1041804,0.21757692
1028904,0.01125031
1000039,2.0424238e-09
1037649,0.16099621
1046939,1.4796072e-12
1016256,0.00034581995
1022854,0.036068402
1025488,2.2691818e-06
1047568,0.5894891
1031105,0.00021192234
1024839,0.011397931
1033184,4.3332127e-10
1016227,0.009104095
1028843,0.77478284
1025406,0.50059366
1012134,0.20274238
1047358,0.00282019
1035553,0.0033079043
1028204,9.694248e-06
1013658,0.56653434
1029722,0.22434543
1047467,2.4417562e-11
1047619,0.03165654
1041614,1.5910038e-07
1022929,3.5179448e-12
1027755,0.12649009
1013720,0.78677666
1015440,3.2659384e-05
1043149,0.009315886
1036982,0.0066234316
1010857,8.829517e-08
1019691,2.3787828e-05
1017140,0.39634186
1028108,1.8686874e-08
1008231,0.13770834
1029507,0.00010093628
1043429,2.1442192e-07
1029581,1.14478735e-05
1047604,3.8127878e-06
1043288,0.8191488
1001204,0.028333157
1032322,0.0027477187
1013067,0.033003446
1026752,1.7740989e-06
1001950,0.0007030489
1049482,0.032500103
1041552,0.430481
1048845,0.008898394
1040432,0.000112603404
1024955,9.484767e-06
1012846,0.7608739
1029786,0.0011173898
1016340,0.3337304
1041693,0.14038362
1037455,0.123738915
1031867,0.0016654244
1006458,2.0009093e-11
1039048,0.00011384316
1013649,4.1896488e-08
1031813,0.29419088
1030335,0.20045197
1031812,0.26756158
1022703,0.3338451
1041078,1.7043928e-06
1016424,0.33640194
1036836,0.0009075631
1033856,0.09999716
1029091,4.320215e-10
1007567,0.0008606275
1031166,0.24910796
1036153,0.14349115
1010588,0.90029067
1025123,0.47537565
1003120,6.5646236e-05
1039462,0.00010433414
1011814,0.00033631272
1005774,0.79324967
1026426,0.0026072618
1046709,0.2303319
1006371,0.00024528458
1039092,0.00087753515
1020989,0.083619565
1008150,9.836303e-14
1001749,0.5229989
1036475,0.03519429
1043670,0.0074540856
1008181,0.2085175
1040449,0.001135904
1021933,0.07427009
1007308,0.13291028
1005787,0.43162942
1024290,0.7295245
1012764,0.64961815
1016816,0.5870796
1042334,0.6265543
1042303,0.6717759
1021130,0.010903018
1016087,0.0097615
1034776,0.2729209
1016483,0.8207526
1040852,0.44646287
1037565,0.24410252
1019999,0.0004145565
1017925,4.618036e-20
1009088,0.32717654
1017442,0.16174264
1032728,0.57485247
1016842,0.0025225217
1000253,0.6802679
1012828,2.4339122e-06
1024004,0.008584393
1042867,0.8496594
1049314,0.005002584
1022753,0.6866271
1033283,4.716636e-06
1019287,8.5821256e-14
1046030,0.66271824
1025304,0.48140168
1048449,0.007051468
1019085,0.12643047
1032377,0.00094822276
1041676,0.000501962
1003450,0.14997391
1010922,0.001999554
1008413,0.8627456
1032577,0.023636626
1028735,0.68064326
1000429,0.7790244
1044303,0.0011575618
1042758,1.7280117e-05
1026716,0.14904314
1002229,0.00069881295
1030725,0.63429326
1030850,0.78547734
1049381,0.00019482522
1002103,1.6379602e-12
1038407,1.896048e-09
1003870,1.4570521e-05
1033993,0.29918042
1009304,2.318694e-10
1014385,1.4934479e-10
1008321,0.4159518
1029199,0.12701845
1043357,0.05167724
1049274,0.7999736
1030995,0.03192037
1009141,0.49780542
1008787,0.093912676
1049766,5.8181217e-06
1049583,0.010621693
1036915,1.005357e-11
1026686,0.0009961434
1006881,1.6427543e-07
1007309,0.002127534
1037259,0.011512163
1011667,5.001077e-05
1016045,0.08132666
1009790,3.725077e-05
1043671,0.54723835
1049022,0.537806
1041483,0.0134848915
1015534,0.00011784063
1045357,0.008131112
1003754,9.884215e-05
1002443,0.37142208
1008555,0.15132281
1045096,0.0014849587
1046281,0.024933608
1016569,0.0019970508
1022042,0.3021066
1041584,3.5364952e-05
1010787,7.833917e-06
1013375,3.2385897e-06
1009086,0.18068029
1010315,7.3803477e-07
1020040,0.049397007
1043714,0.0761433
1001871,0.40237066
1025008,0.5940068
1047104,7.487821e-05
1038329,0.009183293
1030534,0.4523454
1029291,0.01284117
1009326,0.5389705
1004521,0.00013993411
1011304,0.118836254
1002699,0.18039756
1035283,0.69182444
1035689,0.8294471
1033031,0.4091355
1022438,0.016813466
1003085,7.566898e-07
1016185,0.095466465
1027377,1.5837435e-07
1033378,0.038647324
1047229,2.2711879e-07
1037676,0.9405564
1030889,0.027823167
1020116,0.035404224
1046766,0.0003738022
1036662,3.6110016e-06
1032444,3.9306005e-06
1039518,3.6789538e-06
1022877,1.8306788e-05
1032206,0.03491426
1025760,0.18185732
1003140,0.28305835
1001102,0.00016029572
1018731,0.697431
1031549,4.1076184e-08
1048062,4.571992e-06
1022913,5.5007753e-08
1048730,0.00013648265
1048217,0.22913605
1021477,2.1154592e-14
1004505,4.5577985e-07
1035823,3.0588217e-05
1025819,4.2412873e-10
1020597,0.03485651
1020679,0.59057367
1002900,0.20882322
1018040,0.8853625
1024764,0.24549045
1046537,0.6436343
1004267,0.5432602
1049649,0.71917784
1037495,0.42229855
1010125,0.14789014
1022478,0.71676344
1038322,0.5506677
1043910,0.8258183
1046834,0.0033400327
1027372,1.0618766e-05
1033192,1.8248844e-15
1031269,0.20683153
1009774,6.5848863e-06
1016807,9.111547e-06
1046951,0.0043262304
1033310,0.8536354
1047842,0.15956663
1000141,0.24265766
1030017,7.023063e-05
1043285,0.81644094
1001260,0.7133
1014514,0.4089792
1044229,0.78415364
1033890,0.46265283
1011474,0.6566391
1002801,0.5953126
1005368,0.75484985
1048036,0.8830945
1018931,0.70978457
1049972,0.0038407187
1028206,0.010543792
1009354,5.301021e-06
1018684,4.203785e-08
1009676,0.0141664315
1042086,4.4448228e-07
1030458,1.0124439e-06
1046471,0.056432422
1022174,0.07763972
1015372,6.0198627e-06
1012601,0.0033644342
1016043,0.00019144481
1024831,0.48434106
1027512,5.6790113e-06
1003737,0.000114301976
1033263,0.010290214
1036350,1.609332e-14
1025526,0.8078745
1031841,0.89446086
1046860,0.3203828
1048167,0.66996413
1026619,0.36244476
1045056,0.74510366
1006211,0.41787413
1030016,0.2538398
1012859,0.68412864
1011229,7.012164e-09
1040085,2.0774995e-07
1013241,0.021974055
1001072,3.221709e-12
1045289,0.03798447
1004523,0.10189148
1032209,0.00019468632
1043580,0.8349937
1044260,0.016395133
1044901,1.28538264e-08
1016834,7.4260637e-10
1008873,0.013533435
1005827,1.1354022e-05
1032922,0.886235
1025551,0.00078657654
1003832,0.27735394
1007409,0.519802
1008040,0.37114698
1026615,0.64443433
1044126,0.69462603
1024207,0.20817398
1033980,0.34074944
1049432,0.76148355
1006581,0.8297964
1019242,0.017815743
1019791,9.842586e-05
1013512,0.5301608
1007971,0.71510047
1001846,0.025658103
1025218,0.03447235
1002052,0.070794396
1034611,0.006187874
1039572,0.00013519167
1004896,0.0011783605
1031815,0.40295783
1003672,0.18936124
1032856,1.0048389e-05
1013133,0.78039217
1032872,6.4989895e-06
1028422,0.31003618
1043859,0.6597214
1039853,0.6587555
1048079,0.33897537
1032798,0.30734786
1016960,0.7506701
1004752,0.64207816
1018263,0.28617567
1006067,0.7022549
1000904,0.23138589
1049591,0.2655434
1004358,0.8434219
1048531,0.038869813
1034318,0.026866134
1042639,1.1223266e-05
1029913,0.8216207
1039035,0.70376766
1011264,0.0011875298
1046387,0.2834054
1035851,6.3278134e-09
1004010,5.6444722e-05
1017984,0.46745864
1026294,0.3451072
1035828,0.87303996
1020805,0.74134135
1010868,0.5191386
1011000,0.406094
1003851,0.67844707
1006536,0.7871096
1010371,0.6932953
1041988,0.49593866
1007105,0.11855502
1014086,0.013110421
1045869,1.2423082e-10
1016400,0.009534209
1020695,0.83733535
1022180,8.6061575e-10
1041585,0.050678056
1023100,0.004494419
1024269,0.9345949
1015239,0.7914137
1018769,0.47134334
1000362,0.42649373
1038376,0.51866925
1030363,0.21391484
1043038,0.5346675
1012811,0.31807956
1017553,0.3517625
1035212,2.839723e-05
1007755,0.6011908
1003314,0.008150013
1004774,0.11660751
1018429,0.0006117422
1003409,0.07601762
1001025,0.86459494
1049940,1.0014895e-21
1022942,0.3261605
1003244,0.40888092
1020646,0.5678073
1017627,3.9550982e-06
1039408,0.0012867453
1002660,0.8583876
1038809,0.12300898
1027116,0.15894996
1045638,0.46673104
1032063,0.17287074
1018637,0.33603433
1018957,0.00923252
1032508,2.7856413e-05
1045416,2.0448299e-08
1018298,9.836036e-11
1034492,9.692851e-12
1020078,0.0008634589
1048059,0.075269915
1042546,0.2905718
1030285,0.039147712
1047721,0.000140553
1028377,7.7170984e-07
1037238,4.1842695e-06
1004093,0.7760763
1038110,1.1165894e-08
1020381,2.0021886e-05
1040970,0.3579653
1035514,0.5413367
1021902,0.18276943
1009267,0.40999687
1029167,3.2773703e-05
1018976,7.9769535e-07
1015110,0.80662143
1037302,1.4028692e-05
1021553,0.003928962
1041216,0.036221698
1010524,3.877605e-05
1003398,0.42281744
1015523,0.20468955
1038119,5.727855e-06
1000341,7.717032e-05
1025469,0.28916523
1035389,0.26228815
1012766,0.0003606392
1010470,2.1046219e-07
1010397,0.35384598
1033903,0.7915033
1013108,0.013798394
1023144,0.32421708
1016405,0.91718453
1010662,0.25834334
1030696,0.0017499403
1001068,0.8685274
1005637,0.48537767
1021176,0.0006743405
1046963,0.36473584
1042861,0.017209342
1049344,0.00018825299
1032902,0.03125506
1048713,2.7238193e-06
1003300,0.000315705
1047698,0.918372
1030199,0.010868534
1049282,1.2586027e-10
1047021,3.0186406e-05
1011009,0.00645158
1041495,0.30530253
1027606,3.426613e-06
1036118,2.690142e-14
1015252,0.04501494
1011401,9.372398e-06
1015736,0.43600434
1001400,0.15946808
1022790,0.03236489
1048702,0.0012844146
1043840,0.7284849
1042901,5.359061e-12
1046525,0.79702497
1036878,0.025589488
1016148,0.011905459
1009935,0.0051196734
1004054,0.95750463
1048102,3.0117056e-07
1005319,0.009193617
1010309,0.27330732
1047592,0.6340036
1001760,0.68157786
1039112,0.8552668
1024168,0.04066202
1042073,0.048783157
1019215,8.9390136e-07
1040134,0.8250804
1046634,0.32709554
1047925,0.81925046
1027947,0.11178188
1007605,0.027868086
1003530,2.904127e-09
1021290,5.4440466e-08
1037854,0.7955149
1009298,0.006405445
1044234,0.021306358
1035290,0.85500133
1000688,4.393504e-07
1013553,3.6178724e-05
1029473,0.56347376
1000369,0.45328724
1034490,0.81560916
1012439,0.001096833
1026769,0.85673785
1038023,8.2691237e-10
1036299,3.4100016e-05
1021306,0.85509336
1049683,0.34749714
1028150,0.9478877
1013961,3.2393507e-07
1029329,4.1843927e-05
1008725,0.0002442072
1042031,0.8760654
1041085,0.91860175
1014512,1.2547872e-07
1024159,0.00027082703
1010040,0.0063501587
1013543,0.31869575
1006920,0.025335034
1033352,0.00035147814
1038265,0.0016954496
1036934,3.5244484e-05
1022794,3.5354124e-09
1004863,0.0029137654
1027696,0.2863593
1011294,0.00012199845
1038048,0.337964
1045509,3.2461978e-07
1040513,0.0086407615
1018321,0.0077676782
1047656,0.18655626
1048176,9.538253e-05
1039989,9.0800534e-10
1048948,2.5150218e-06
1013293,0.4977936
1048677,0.046675265
1036760,0.08040375
1042257,0.5797325
1016428,2.2651052e-07
1001031,0.5132599
1022003,0.00040217684
1017284,0.02073998
1000166,0.7460022
1047762,0.0030597346
1027970,1.3825181e-10
1041990,0.000343722
1021605,0.05026963
1006934,2.1549595e-09
1044867,2.1632904e-13
1011078,0.006410247
1024853,6.2335154e-08
1041218,0.8254237
1001186,0.8353178
1020686,0.01551272
1018820,0.011948336
1041608,2.6359981e-05
1033029,0.2724546
1022032,7.7879575e-10
1006569,0.015334322
1015016,0.05564391
1025382,0.0031926273
1043937,0.32799673
1049053,0.3745173
1040669,0.7763769
1023810,0.87238914
1041761,0.61961126
1003857,0.32854024
1021424,0.79183
1016813,0.67531496
1038618,0.88700604
1047541,0.0031331896
1035663,3.4721603e-09
1032099,0.36523885
1008856,0.5330903
1016651,0.015231797
1024140,2.2047689e-07
1014316,0.034566052
1012946,0.034620866
